인덱스,대외활동명,기업명,기업형태,접수기간,모집인원,우대역량,관심분야,활동분야,활동지역,활동기간,참여대상
90274,라벨라오페라단 서포터즈 3기 추가 모집,라벨라 오페라단,비영리단체/협회/재단,22.5.31 ~ 22.6.7,00명,"파워블로거/SNS, 사진/영상/디자인 툴, 콘텐츠 기획/제작 경험, 휴학 중/시간 투자 가능, 타 대외활동 경험",디자인/사진/예술/영상콘텐츠,서포터즈멘토링,지역 제한없음,22.6.13 ~ 22.12.16,"대학생, 직장인/일반인"
90275,2022 AI 기반 엔지니어 양성과정,과학기술정보통신부 | 정보통신산업진흥원,공공기관/공기업,22.5.30 ~ 22.6.24,30명,"리더십, 기타",교육과학/공학/기술/IT,강연멘토링,지역 제한없음,22.7.1 ~ 22.11.30,직장인/일반인
90277,[범계역 청년출구] 문화로운 청년생활 6월 원데이클래스 참여자 모집,범계역 청년출구,비영리단체/협회/재단,22.5.29 ~ 22.7.22,0명,기타,행사/페스티벌교육,기타,경기 안양시,22.6.15 ~ 22.6.22,"대학생, 직장인/일반인"
90279,[혜움랩스],(주)혜움랩스,-,-,0명,모두 지원 가능,,,-,-,-
90282,"리브위드 엔터십 프로젝트#3 <안녕, 내일> 공정여행 기획단 모집!",리브위드,스타트업,22.5.31 ~ 22.6.12,00명,"파워블로거/SNS, 사진/영상/디자인 툴, 취재/인터뷰/기사 경험, 콘텐츠 기획/제작 경험",여행/호텔/항공사회공헌/교류,서포터즈기타,지역 제한없음,22.6.20 ~ 22.8.31,"대학생, 직장인/일반인"
90284,리브위드 엔터십 프로젝트#4 <책갈피> 책갈피단 모집,리브위드,스타트업,22.5.31 ~ 22.6.12,00명,"파워블로거/SNS, 사진/영상/디자인 툴, 취재/인터뷰/기사 경험, 콘텐츠 기획/제작 경험",문화/역사사회공헌/교류,서포터즈기타,서울,22.6.20 ~ 22.8.19,"대학생, 직장인/일반인"
90288,의성군 청년마을 '로컬 러닝 랩 : 나만의-성' 참가자 모집,menTory,기타,22.5.30 ~ 22.7.25,18명,"콘텐츠 기획/제작 경험, 휴학 중/시간 투자 가능, 행사 기획 경험",요리/식품창업/자기계발,봉사단-국내기타,경상 의성군,22.7.4 ~ 22.8.21,"대학생, 직장인/일반인"
90289,스마일게이트 대외활동 스마일커넥터 2기 모집,스마일게이트,대기업,22.5.31 ~ 22.6.20,0명,"파워블로거/SNS, 사진/영상/디자인 툴, 취재/인터뷰/기사 경험, 콘텐츠 기획/제작 경험",경영/컨설팅/마케팅,서포터즈마케터,지역 제한없음,22.7.4 ~ 22.12.31,대상 제한 없음
90291,강릉종합사회복지관 우리동네 실험실 추가팀 모집,강릉종합사회복지관,비영리단체/협회/재단,22.5.31 ~ 22.6.12,0명,"콘텐츠 기획/제작 경험, 타 대외활동 경험, 행사 기획 경험",행사/페스티벌사회공헌/교류,봉사단-국내기타,강원 강릉시,22.6.20 ~ 22.11.30,대학생
90297,[스마일게이트] SGM 스마일게이트멤버십 인디게임 부문 14기 모집(~6/10),스마일게이트 퓨처랩,대기업,22.5.24 ~ 22.6.10,00명,"콘텐츠 기획/제작 경험, 기타",창업/자기계발콘텐츠,멘토링서포터즈,지역 제한없음,22.7.1 ~ 22.12.31,대상 제한 없음
90299,2022 대구광역시청소년수련원 청소년동아리연합 몽쉘 모집,대구광역시청소년수련원,비영리단체/협회/재단,22.1.1 ~ 22.12.31,0명,기타,디자인/사진/예술/영상기타,기타,대구,22.5.31 ~ 22.10.28,대상 제한 없음
90301,서울시립영등포장애인복지관 2022 영등포옹호인 포옹 모집,서울시립영등포장애인복지관,비영리단체/협회/재단,22.1.24 ~ 22.12.30,0명,기타,사회공헌/교류기타,기타,서울 영등포구,22.5.31 ~ 22.12.31,대상 제한 없음
90303,오더플러스 체험단 모집,오더플러스,중소기업,22.4.28 ~ 22.12.31,50명,"파워블로거/SNS, 기타",요리/식품기타,기타,"서울, 경기",22.5.31 ~ 22.12.31,대상 제한 없음
90305,2022 성북구청소년참여활동 기획홍보위원 유플루언서 모집,월곡청소년센터,비영리단체/협회/재단,22.5.18 ~ 22.6.2,20명,기타,정치/사회/법률,서포터즈,서울 성북구,22.6.1 ~ 22.11.30,대학생
90307,유스보이스 TMI(Time for My Inside) 팀 프로젝트 참가자 모집,유스보이스,중소기업,22.5.9 ~ 22.6.3,00명,기타,과학/공학/기술/IT,기타,지역 제한없음,-,청소년
90309,한국기상산업기술원 서포터즈 맑음이 제1기 모집,한국기상산업기술원,기타,22.5.26 ~ 22.6.7,10명,기타,디자인/사진/예술/영상기타,서포터즈,지역 제한없음,22.6.21 ~ 22.12.31,"대학생, 직장인/일반인"
90326,2022년 도시재생 청년 서포터즈 모집,포천시 / 영북 도시재생현장지원센터,공공기관/공기업,22.5.30 ~ 22.6.20,200명,기타,정치/사회/법률환경/에너지,서포터즈,경기 포천시,22.6.27 ~ 22.9.3,대학생
90348,2022 모의 유네스코 회의 참가자(대표단) 모집,유네스코 국제무예센터,기타,22.5.30 ~ 22.6.14,40명,"외국어, 타 대외활동 경험, 기타",행사/페스티벌사회공헌/교류,기타서포터즈,지역 제한없음,22.6.23 ~ 22.8.5,대학생
90351,[이데일리] 제13회 이데일리 전략포럼 등록 진행 중!,허밍아이엠씨,중소기업,22.6.1 ~ 22.6.14,00명,기타,행사/페스티벌환경/에너지,강연,서울 중구,22.6.15 ~ 22.6.16,"대학생, 직장인/일반인"
90355,"[아비투스 재능 봉사단] ""함께 하는 플로깅 1기 """,사단법인 한국미디어교육진흥원 대학생사무국,비영리단체/협회/재단,22.6.1 ~ 22.6.8,00명,콘텐츠 기획/제작 경험,디자인/사진/예술/영상사회공헌/교류,봉사단-국내기타,지역 제한없음,22.6.6 ~ 22.7.17,"청소년, 대학생"
90365,[송파구] 취준부스터 점프UP!,마이온 컴퍼니,중소기업,22.6.2 ~ 22.6.15,0명,기타,디자인/사진/예술/영상경영/컨설팅/마케팅,강연멘토링,서울,22.6.16 ~ 22.6.23,대상 제한 없음
90375,[일상예술창작센터] 스타트업 성공 사례와 지속가능 창업 워크숍(~6/27),일상예술창작센터,비영리단체/협회/재단,22.5.25 ~ 22.6.27,60명,기타,창업/자기계발,강연멘토링,지역 제한없음,22.6.29 ~ 22.6.29,"대학생, 직장인/일반인"
90380,22-8차 포스코취업아카데미 모집,스코인재창조원,대기업,22.5.30 ~ 22.6.8,00명,기타,기타,기타,"인천 연수구, 경상 포항시",22.6.20 ~ 22.7.8,"대학생, 직장인/일반인"
90383,2022 관광테크 융합형 창의인재 양성 교육,주식회사 일로와,공공기관/공기업,22.6.1 ~ 22.6.15,20명,기타,교육경영/컨설팅/마케팅,강연,제주,22.6.23 ~ 22.7.23,대상 제한 없음
90386,한국건설교통신기술협회 서포터즈 모집,한국건설교통신기술협회,비영리단체/협회/재단,22.5.2 ~ 22.6.17,00명,"파워블로거/SNS, 사진/영상/디자인 툴, 취재/인터뷰/기사 경험, 타 대외활동 경험",언론/미디어기타,서포터즈기자단,지역 제한없음,22.5.2 ~ 22.6.17,대학생
90393,2022 국민외교 공감팩토리(6.15.) 참가자 모집,국민외교팀,공공기관/공기업,22.6.2 ~ 22.6.14,100명,"파워블로거/SNS, 멘토링/수업 진행 경험, 콘텐츠 기획/제작 경험, 휴학 중/시간 투자 가능",문화/역사교육,강연,지역 제한없음,22.6.2 ~ 22.6.14,대상 제한 없음
90398,2022 로컬+메이커스 참여자 모집,경기도문화원연합회,비영리단체/협회/재단,22.6.2 ~ 22.6.20,00명,기타,문화/역사콘텐츠,강연기타,지역 제한없음,22.6.25 ~ 22.8.20,"대학생, 직장인/일반인"
90407,농심 펀스터즈 15기 모집,농심,중견기업,22.6.1 ~ 22.6.20,16명,"파워블로거/SNS, 사진/영상/디자인 툴",요리/식품콘텐츠,서포터즈마케터,서울 동작구,22.7.15 ~ 22.11.25,대학생
90431,[고용노동부/아시아경제] 매월 훈련장려금 받으며 취업 대비하자! 커머스/인공지능/핀테크 국비교육 취업특화과정 연수생 모집! (과정별 마감일 상이),(주)아시아경제,중견기업,22.6.2 ~ 22.6.17,00명,"컴퓨터 활용능력, 휴학 중/시간 투자 가능",교육과학/공학/기술/IT,기타,지역 제한없음,22.6.2 ~ 22.12.14,대상 제한 없음
90432,케이쉴드주니어 사이버보안 인력양성 과정 8기 모집 [모집임박],(주)한국정보보호교육센터,중소기업,22.5.20 ~ 22.6.3,192명,"컴퓨터 활용능력, 기타",교육과학/공학/기술/IT,기타서포터즈,지역 제한없음,22.6.13 ~ 22.8.20,대상 제한 없음
90434,충무지구 청년 Local Creator 육성 프로그램 참가자 모집,주식회사 수퍼씨,중소기업,22.5.31 ~ 22.6.19,20명,기타,창업/자기계발콘텐츠,기자단멘토링,지역 제한없음,22.7.1 ~ 23.5.30,대상 제한 없음
90435,[2022 대구치맥페스티벌 치맥프렌즈 모집],(사)한국치맥산업협회,비영리단체/협회/재단,22.6.1 ~ 22.6.21,100명,휴학 중/시간 투자 가능,행사/페스티벌사회공헌/교류,봉사단-국내서포터즈,대구 달서구,22.7.6 ~ 22.7.10,"대학생, 직장인/일반인"
90446,[DꞏCAMP] 3분기 DꞏDAY 스타트업 출전팀 모집,디캠프,-,-,0명,모두 지원 가능,,,-,-,-
90452,2022원주중앙시장 청년몰 SNS서포터즈 모집,원주중앙시장 청년몰 사업추진단,스타트업,22.6.2 ~ 모집시 마감,10명,"파워블로거/SNS, 사진/영상/디자인 툴, 취재/인터뷰/기사 경험, 콘텐츠 기획/제작 경험, 컴퓨터 활용능력, 타 대외활동 경험",행사/페스티벌요리/식품,서포터즈,강원 원주시,22.6.2 ~ 22.6.30,대상 제한 없음
90455,[현대차 정몽구 재단] ONSO COLLEGE,현대차정몽구재단,대기업,22.6.3 ~ 22.6.23,32명,"파워블로거/SNS, 사진/영상/디자인 툴, 취재/인터뷰/기사 경험, 멘토링/수업 진행 경험, 콘텐츠 기획/제작 경험, 컴퓨터 활용능력, 외국어, 리더십, 휴학 중/시간 투자 가능, 타 대외활동 경험, 행사 기획 경험, 기타",언론/미디어교육,서포터즈,지역 제한없음,22.6.3 ~ 22.6.18,대학생
90456,삼익문화재단 엠팟홀 2022 슈퍼밴드 콘테스트 공모전 대외활동 사이트 : 위비티 https://www.wevity.com,링커리어링,-,-,0명,모두 지원 가능,,,-,-,-
90460,대학생 ESG위원회 4기 모집,파이브세컨즈,중소기업,22.6.2 ~ 22.6.26,0명,"멘토링/수업 진행 경험, 콘텐츠 기획/제작 경험, 리더십, 타 대외활동 경험",콘텐츠사회공헌/교류,서포터즈기타,지역 제한없음,22.6.2 ~ 22.6.26,대학생
90465,세이울 문회공공회교대사 18기 모집,파이브세컨즈,중소기업,22.6.2 ~ 22.6.26,0명,"콘텐츠 기획/제작 경험, 타 대외활동 경험",언론/미디어사회공헌/교류,서포터즈기타,지역 제한없음,22.7.1 ~ 22.12.31,대학생
90467,2022 YDP창의예술교육센터 청소년 주도형 팀프로젝트 '문화로 아무거나 챌린지',YDP창의예술교육센터 / 영등포구청,비영리단체/협회/재단,22.5.26 ~ 22.6.15,00명,기타,디자인/사진/예술/영상,서포터즈,서울 영등포구,22.7.1 ~ 22.11.30,청소년
90470,부산환경예술 프로젝트 '동천아 괜찮나?'참가자 모집,문화예술단체 스타일 / 부산문화재단,비영리단체/협회/재단,22.6.2 ~ 22.6.20,10명,기타,디자인/사진/예술/영상,서포터즈,부산,22.6.24 ~ 22.11.18,대학생
90471,리드힐병원 서포터즈 7기 모집,리드힐병원,기타,22.5.30 ~ 22.6.16,0명,기타,디자인/사진/예술/영상기타,서포터즈,서울 은평구,22.7.1 ~ 22.9.30,대상 제한 없음
90472,2022년 충무지구 청년 로컬 크리에이터 육성 프로그램 참가자 모집,창원시 / 창원시도시재생지원센터,공공기관/공기업,22.5.31 ~ 22.6.19,20명,기타,정치/사회/법률창업/자기계발,서포터즈,경상 창원시,-,대상 제한 없음
90473,이랜드복지재단 마포노인종합복지관 바자회(가득찬 마켓) 봉사자 모집,이랜드복지재단 마포노인종합복지관,비영리단체/협회/재단,22.6.2 ~ 22.6.24,0명,기타,정치/사회/법률사회공헌/교류,봉사단-국내,서울 마포구,22.6.17 ~ 22.6.24,대상 제한 없음
90474,중소기업사랑나눔재단 대학생 서포터즈 2기 모집,중소기업사랑나눔재단,비영리단체/협회/재단,22.5.30 ~ 22.6.10,8명,기타,콘텐츠사회공헌/교류,서포터즈,지역 제한없음,22.6.20 ~ 22.12.23,대학생
90475,전시전문기획사 씨씨오씨 서포터즈 2기 모집,씨씨오씨 / 메타커넥트,중소기업,22.6.2 ~ 22.6.5,50명,"파워블로거/SNS, 기타",기타,서포터즈,지역 제한없음,22.6.7 ~ 22.6.30,"대학생, 직장인/일반인"
90476,동원몰 서포터즈 17기 모집,동원그룹,중견기업,22.6.1 ~ 22.6.19,25명,"파워블로거/SNS, 사진/영상/디자인 툴, 기타",요리/식품,서포터즈,지역 제한없음,22.7.1 ~ 22.12.31,대상 제한 없음
90477,2022 청소년 소비자 기자단 모집,공정거래위원회 / 금융소비자연맹,공공기관/공기업,22.5.18 ~ 22.6.30,50명,기타,언론/미디어기타,서포터즈기자단,지역 제한없음,-,청소년
90520,엔지닉 반도체 면접 5일완성 스터디 10기,엔지닉,중소기업,22.6.3 ~ 22.6.13,200명,기타,교육과학/공학/기술/IT,멘토링기타,지역 제한없음,22.6.13 ~ 22.6.17,대상 제한 없음
90523,엔지닉 2차전지 면접 5일완성 스터디 6기,엔지닉,중소기업,22.6.3 ~ 22.6.13,200명,기타,교육과학/공학/기술/IT,기타멘토링,지역 제한없음,22.6.13 ~ 22.6.17,대상 제한 없음
90529,[정부지원] 그로스 마케팅 부트캠프,주식회사 메이캔,스타트업,22.6.3 ~ 22.6.14,0명,휴학 중/시간 투자 가능,교육경영/컨설팅/마케팅,강연멘토링,지역 제한없음,22.6.27 ~ 22.9.28,대상 제한 없음
90531,윈스펙 공기업 취업 서포터즈 34기 모집,윈스펙,중소기업,22.6.6 ~ 22.6.17,200명,파워블로거/SNS,교육,서포터즈,지역 제한없음,22.6.20 ~ 22.7.1,대상 제한 없음
90532,[정부지원] PM 부트캠프,코드스테이츠,공공기관/공기업,22.5.9 ~ 22.6.14,50명,"리더십, 기타",교육과학/공학/기술/IT,강연멘토링,지역 제한없음,22.6.27 ~ 22.9.28,대상 제한 없음
90538,[금융사관학교] 국제경제전문가과정 52기 모집,금융사관학교,비영리단체/협회/재단,22.6.3 ~ 22.6.28,00명,기타,경제/금융,멘토링강연,지역 제한없음,22.7.4 ~ 22.7.28,대상 제한 없음
90541,2022 관광테크 융합형 창의인재 양성 교육,조이비오,중소기업,22.6.3 ~ 22.6.15,20명,기타,교육,기타,제주,22.6.3 ~ 22.6.15,직장인/일반인
90542,"[한국표준협회] 인공지능, 블록체인 교육생 모집",한국표준협회,비영리단체/협회/재단,22.6.3 ~ 22.6.15,00명,기타,과학/공학/기술/IT,강연멘토링,지역 제한없음,22.7.4 ~ 22.7.29,대상 제한 없음
90543,[스타벅스 창업카페 시즌9] 실전 창업 교육 (창업/디자인/마케팅/회계),"스타벅스, 서울창조경제혁신센터",대기업,22.6.3 ~ 22.6.14,0명,기타,교육창업/자기계발,강연멘토링,지역 제한없음,22.6.15 ~ 22.6.23,대상 제한 없음
90544,[한국언론진흥재단] 뉴스저작권 지킴이 모집,한국언론진흥재단,공공기관/공기업,22.6.3 ~ 22.6.16,80명,"사진/영상/디자인 툴, 콘텐츠 기획/제작 경험, 기타",언론/미디어,서포터즈기자단,지역 제한없음,22.7.4 ~ 22.11.30,대학생
90545,제10기 셰플러코리아 대학생 봉사단 EVERGREEN 모집,셰플러코리아,외국계기업,22.6.3 ~ 22.6.24,15명,"멘토링/수업 진행 경험, 리더십, 휴학 중/시간 투자 가능, 타 대외활동 경험, 행사 기획 경험",교육사회공헌/교류,서포터즈봉사단-국내,"서울, 경기",22.7.9 ~ 22.9.24,대학생
90556,[기업연계] 마케팅/서비스기획/CX/데이터 실무교육 프로그램 온보딩 4기 모집(~6/22까지 모집),레디미,중소기업,22.6.1 ~ 22.6.22,70명,기타,기타,마케터,지역 제한없음,22.7.4 ~ 22.8.28,대상 제한 없음
90562,에스디바이오센서 대학생 서포터즈 에스디프렌즈 1기 모집,에스디바이오센서(주),중견기업,22.5.16 ~ 22.6.10,00명,"사진/영상/디자인 툴, 콘텐츠 기획/제작 경험",의료/보건콘텐츠,서포터즈,지역 제한없음,22.7.1 ~ 22.12.19,대학생
90563,대통령 직속 국가물관리위원회 기자단 2기 모집기간 연장(2지망 유역 추가),국가물관리위원회 기자단 운영사무국,공공기관/공기업,22.5.1 ~ 22.6.14,20명,"사진/영상/디자인 툴, 취재/인터뷰/기사 경험, 콘텐츠 기획/제작 경험, 타 대외활동 경험",디자인/사진/예술/영상콘텐츠,서포터즈,지역 제한없음,22.7.1 ~ 22.12.31,대상 제한 없음
90564,2022년 제4회 한국코드페어,한국지능정보사회진흥원,공공기관/공기업,22.5.30 ~ 22.6.20,6000명,기타,교육과학/공학/기술/IT,강연기타,지역 제한없음,22.6.13 ~ 22.12.10,청소년
90570,바이소셜 프렌즈 2기 모집,한국사회적기업진흥원,중소기업,22.6.1 ~ 22.6.20,00명,취재/인터뷰/기사 경험,경제/금융정치/사회/법률,기자단,지역 제한없음,22.7.1 ~ 22.10.31,대학생
90597,4차 산업혁명을 선도할 IT 분야 훈련생을 모집합니다,구디아카데미,중소기업,22.6.1 ~ 상시모집,00명,컴퓨터 활용능력,교육과학/공학/기술/IT,강연멘토링,서울 금천구,22.6.1 ~ 22.12.31,"대학생, 직장인/일반인"
90598,2022년 한국전통문화대학교 팸투어 참가자 모집,한국전통문화대학교,기타,22.6.2 ~ 22.6.14,00명,파워블로거/SNS,문화/역사교육,기타,충청 부여군,22.6.19 ~ 22.6.19,대상 제한 없음
90604,고양생활문화센터 청년기획단 모집,고양문화재단(생활문화센터),공공기관/공기업,22.5.30 ~ 22.6.13,15명,기타,문화/역사콘텐츠,서포터즈,지역 제한없음,22.6.23 ~ 22.11.30,대학생
90606,[한국지능정보사회진흥원] 데.멘.토(데이터 멘토링) 프로그램,한국지능정보사회진흥원,공공기관/공기업,22.6.2 ~ 22.6.26,40명,"멘토링/수업 진행 경험, 휴학 중/시간 투자 가능, 타 대외활동 경험, 기타",교육과학/공학/기술/IT,멘토링,지역 제한없음,22.6.2 ~ 22.6.26,"대학생, 직장인/일반인"
90610,한국보험계리사회 '제2기 IAK 서포터즈' 모집(~8/4),한국보험계리사회,비영리단체/협회/재단,22.6.8 ~ 22.8.4,6명,"파워블로거/SNS, 콘텐츠 기획/제작 경험, 타 대외활동 경험",경제/금융,서포터즈,서울 종로구,22.8.18 ~ 23.2.23,대학생
90626,2022 미정(微晶)프로젝트 참가자 모집,스무살이 협동조합,기타,22.5.25 ~ 22.6.10,00명,기타,교육디자인/사진/예술/영상,기타,경기,-,청소년
90627,[구로구청] 2022 제1회 구로 청년 영상제 모집공고 (~6/30),디노마드,-,-,0명,모두 지원 가능,,,-,-,-
90632,[인권연대 기획강좌] 산업재해 기본교육과정,인권연대,비영리단체/협회/재단,22.6.3 ~ 22.6.14,00명,기타,정치/사회/법률사회공헌/교류,강연,지역 제한없음,22.6.15 ~ 22.7.6,대상 제한 없음
90636,제6기 국립대구과학관 온라인 과학기자단 모집,(주)태원이노베이션,-,-,0명,모두 지원 가능,,,-,-,-
90638,2022 삼성 주니어 SW 창작대회 대학생 멘토 모집,삼성 JA코리아,대기업,22.6.2 ~ 22.6.23,60명,기타,과학/공학/기술/IT,멘토링,지역 제한없음,22.7.6 ~ 22.8.18,대학생
90639,우먼센스 라이프스타일 대기업기획자&마케터 인재양성프로젝트 3기 모집,우먼센스,외국계기업,22.6.3 ~ 22.6.12,00명,기타,경영/컨설팅/마케팅,멘토링강연,지역 제한없음,22.7.4 ~ 22.8.31,대상 제한 없음
90641,요즘 마케터는 인스타그램으로 포트폴리오 쌓는다던데... 나도 RESAT와 함께 만들러 가볼까? (~06/16),오픈놀,중소기업,22.6.3 ~ 22.6.16,100명,사진/영상/디자인 툴,교육,기타,지역 제한없음,22.6.20 ~ 22.7.3,"대학생, 직장인/일반인"
90645,2022년 하반기 이공계 전문기술 연수(석박사)사업 모집,과기부 / 한국산업기술진흥협회,비영리단체/협회/재단,22.5.23 ~ 22.6.13,0명,휴학 중/시간 투자 가능,기타,기타,지역 제한없음,-,대상 제한 없음
90647,현대차 정몽구 재단 ONSO ESG COLLEG 1기 모집,현대차정몽구재단,비영리단체/협회/재단,22.6.3 ~ 22.6.23,32명,기타,환경/에너지기타,서포터즈,서울 중구,22.7.8 ~ 22.10.7,대학생
90649,2022 할리케이 업사이클링 체험 서포터즈 모집,할리케이,중소기업,22.5.31 ~ 22.6.10,1명,기타,환경/에너지,서포터즈,서울 영등포구,22.6.8 ~ 22.6.12,"대학생, 직장인/일반인"
90650,AF기자단 1기 모집,아프리카TV,기타,22.6.1 ~ 22.6.10,8명,기타,디자인/사진/예술/영상콘텐츠,기자단,지역 제한없음,22.6.29 ~ 22.10.1,대상 제한 없음
90653,워커맨 서포터즈 1기 모집,(주)워커맨,중소기업,22.6.2 ~ 22.6.16,00명,기타,콘텐츠기타,서포터즈,서울,22.6.21 ~ 22.8.31,"대학생, 직장인/일반인"
90655,2022년 철도안전 청년제보단 모집,한국교통안전공단,공공기관/공기업,22.6.8 ~ 22.6.22,100명,기타,기타,서포터즈,지역 제한없음,22.7.1 ~ 22.11.30,"대학생, 직장인/일반인"
90657,제6기 국립대구과학관 온라인 과학기자단 모집,국립대구과학관,기타,22.5.31 ~ 22.6.7,10명,기타,과학/공학/기술/IT,기자단서포터즈,"대구, 경상",22.7.2 ~ 22.12.31,"대학생, 직장인/일반인"
90659,2022 대한민국 메이커 스타 참가자 모집,중소벤처기업부 / 창업진흥원,공공기관/공기업,22.5.30 ~ 22.6.30,00명,기타,창업/자기계발기타,기타,지역 제한없음,22.8.1 ~ 22.11.30,대상 제한 없음
90695,2022 데잇걸즈 6기 모집 (~6/10까지 얼리버드 지원 이벤트 진행중),맘이랜서,비영리단체/협회/재단,22.5.30 ~ 22.6.30,00명,컴퓨터 활용능력,교육과학/공학/기술/IT,기타,지역 제한없음,22.7.18 ~ 22.11.11,대상 제한 없음
90696,"청소년기자단 ""유스패치""",진해청소년문화의집,비영리단체/협회/재단,22.6.3 ~ 모집시 마감,10명,"파워블로거/SNS, 사진/영상/디자인 툴, 취재/인터뷰/기사 경험, 콘텐츠 기획/제작 경험, 타 대외활동 경험, 행사 기획 경험",언론/미디어디자인/사진/예술/영상,서포터즈기자단,"경상 진해구, 창원시",22.6.3 ~ 22.11.12,청소년
90697,(지역특화) 프로젝트 기반 블록체인 중급과정,한국표준협회,공공기관/공기업,22.5.31 ~ 22.6.30,0명,기타,교육과학/공학/기술/IT,기타,지역 제한없음,22.7.4 ~ 22.8.29,직장인/일반인
90698,카카오엔터프라이즈와 함께 하는 K-Digital Training 5기 모집,구름,공공기관/공기업,22.5.30 ~ 22.6.27,100명,"리더십, 기타",교육과학/공학/기술/IT,강연멘토링,지역 제한없음,22.7.8 ~ 22.11.3,직장인/일반인
90700,<NFT 특강> 참여자 모집,서초유스센터,기타,22.6.1 ~ 22.6.21,25명,콘텐츠 기획/제작 경험,교육경제/금융,강연,서울 서초구,22.6.16 ~ 22.7.21,"대학생, 직장인/일반인"
90704,[선착순 마감]2022 구로 청년의회&청년정책아카데미 참가자 모집,굿네이션스,비영리단체/협회/재단,22.6.4 ~ 22.6.25,40명,"리더십, 휴학 중/시간 투자 가능, 타 대외활동 경험",정치/사회/법률창업/자기계발,강연멘토링,서울 구로구,22.7.5 ~ 22.9.6,"대학생, 직장인/일반인"
90718,선한 영향력을 전달하는 한국사회공헌협회 온라인 서포터즈 4기,한국사회공헌협회,비영리단체/협회/재단,22.6.6 ~ 22.11.8,00명,"파워블로거/SNS, 사진/영상/디자인 툴, 콘텐츠 기획/제작 경험, 기타",콘텐츠사회공헌/교류,서포터즈,지역 제한없음,22.7.1 ~ 22.12.31,대상 제한 없음
90724,2022 경기디지털배움터 청년강사 모집,(주)에프엔제이,공공기관/공기업,22.6.20 ~ 모집시 마감,100명,"멘토링/수업 진행 경험, 타 대외활동 경험",교육과학/공학/기술/IT,서포터즈멘토링,경기,22.6.20 ~ 22.6.30,대상 제한 없음
90726,[직무실무 과정] 마케팅 취업학개론 2기,주식회사 제이앤비솔루션,중소기업,22.6.7 ~ 22.6.15,50명,"파워블로거/SNS, 사진/영상/디자인 툴, 취재/인터뷰/기사 경험, 멘토링/수업 진행 경험, 콘텐츠 기획/제작 경험, 컴퓨터 활용능력, 리더십, 휴학 중/시간 투자 가능, 타 대외활동 경험, 행사 기획 경험, 기타",교육경영/컨설팅/마케팅,멘토링강연,지역 제한없음,22.6.16 ~ 22.6.17,대학생
90728,LG디스플레이 대학생 인플루언서 디플 24기 모집,LG디스플레이,대기업,22.5.20 ~ 22.6.19,00명,콘텐츠 기획/제작 경험,경영/컨설팅/마케팅콘텐츠,마케터,서울,22.7.15 ~ 23.1.31,대학생
90729,어벤커피 서포터즈 어벤쟁이 4기 모집,(주)카페폴인,중소기업,22.6.7 ~ 22.6.20,10명,"파워블로거/SNS, 사진/영상/디자인 툴, 콘텐츠 기획/제작 경험, 타 대외활동 경험",경영/컨설팅/마케팅요리/식품,서포터즈,지역 제한없음,22.7.1 ~ 22.8.31,대학생
90731,"[인권연대 기획강좌] 오항녕 교수의 <조선 역사, 또 다른 세상>",인권연대,비영리단체/협회/재단,22.6.7 ~ 22.6.29,00명,"파워블로거/SNS, 사진/영상/디자인 툴, 취재/인터뷰/기사 경험, 멘토링/수업 진행 경험, 콘텐츠 기획/제작 경험, 컴퓨터 활용능력, 외국어, 리더십, 휴학 중/시간 투자 가능, 타 대외활동 경험, 행사 기획 경험, 기타",콘텐츠기타,강연,지역 제한없음,22.6.30 ~ 22.7.21,대상 제한 없음
90732,[SOVAC 앰버서더] 4기 대학생 홍보대사 모집,파이브세컨즈,중소기업,22.6.2 ~ 22.6.26,0명,"파워블로거/SNS, 콘텐츠 기획/제작 경험, 컴퓨터 활용능력",환경/에너지콘텐츠,서포터즈,지역 제한없음,22.7.1 ~ 22.12.31,대학생
90735,「미래 청년 일자리사업」이타서울 사회공헌 팀 모집(~6/10),사단법인 이타서울,비영리단체/협회/재단,22.6.2 ~ 22.6.10,4명,기타,환경/에너지기타,기타,서울,22.6.27 ~ 22.12.31,대학생
90736,[KB국민은행] 2022 제1차 KB굿잡온택트 취업박람회 (~6/17),KB국민은행,대기업,22.6.7 ~ 22.6.17,00명,기타,경제/금융,멘토링강연,지역 제한없음,22.6.7 ~ 22.6.17,대상 제한 없음
90737,제1회 하나뿐인 지구영상제의 첫번째 서포터즈를 모집합니다!!!(재공지),사단법인 자연의 권리찾기,비영리단체/협회/재단,22.5.10 ~ 22.6.20,0명,"사진/영상/디자인 툴, 콘텐츠 기획/제작 경험, 타 대외활동 경험",디자인/사진/예술/영상환경/에너지,서포터즈,지역 제한없음,22.6.23 ~ 22.8.19,대상 제한 없음
90738,경상북도 온라인 홍보단 G토리,주식회사 수퍼씨,중소기업,22.6.7 ~ 22.6.20,00명,"사진/영상/디자인 툴, 콘텐츠 기획/제작 경험, 타 대외활동 경험",문화/역사콘텐츠,서포터즈마케터,"경상 경산시, 경주시, 구미시, 군위군, 김천시, 문경시, 밀양시, 봉화군, 상주시, 성주군, 안동시, 영주시, 예천군, 칠곡군",22.6.7 ~ 22.6.20,"대학생, 직장인/일반인"
90740,[토익스피킹] 공식채점관의 무료 토스 인강 체험단 모집 (~6/19),토커비,중소기업,22.6.7 ~ 22.6.19,00명,기타,기타,기타,지역 제한없음,22.6.20 ~ 22.6.24,대상 제한 없음
90741,2022 틱톡 캠퍼스 크리에이터,TikTok Korea,외국계기업,22.6.7 ~ 22.6.26,00명,"파워블로거/SNS, 사진/영상/디자인 툴, 콘텐츠 기획/제작 경험",디자인/사진/예술/영상콘텐츠,서포터즈,지역 제한없음,22.7.1 ~ 22.9.30,대학생
90743,[대원미디어] 대원미디어 캐릭터 서포터즈 대패프렌즈4기 모집,대원미디어(주),중견기업,22.6.3 ~ 22.6.24,30명,"파워블로거/SNS, 사진/영상/디자인 툴, 콘텐츠 기획/제작 경험",경영/컨설팅/마케팅콘텐츠,서포터즈마케터,지역 제한없음,-,대상 제한 없음
90746,2022 이니스프리 그린 프로슈머 18기 모집,(주)이니스프리,중견기업,22.6.6 ~ 22.6.10,30명,"파워블로거/SNS, 콘텐츠 기획/제작 경험, 타 대외활동 경험",뷰티/미용/화장품,서포터즈마케터,서울 용산구,22.7.1 ~ 22.12.31,"대학생, 직장인/일반인"
90747,[국립중앙도서관] 청년을 위한 디지털 기업가정신 아카데미,(주) 캡슐미디어,중소기업,22.6.2 ~ 22.6.19,60명,"리더십, 기타",경영/컨설팅/마케팅창업/자기계발,강연멘토링,지역 제한없음,22.6.27 ~ 22.7.13,"대학생, 직장인/일반인"
90748,맛집 커뮤니티 서포터즈 동네서포터즈 음식에 진심인 사람들을 모집합니다,동네핫플,중소기업,22.6.7 ~ 22.7.4,10명,"파워블로거/SNS, 사진/영상/디자인 툴, 콘텐츠 기획/제작 경험",여행/호텔/항공언론/미디어,서포터즈마케터,지역 제한없음,22.7.8 ~ 22.10.6,대상 제한 없음
90749,[시립노원청소년센터] 청소년메이커기획단 참여 대학생 모집,시립노원청소년센터,공공기관/공기업,22.6.1 ~ 22.6.17,2명,"멘토링/수업 진행 경험, 콘텐츠 기획/제작 경험, 휴학 중/시간 투자 가능, 타 대외활동 경험, 행사 기획 경험",행사/페스티벌과학/공학/기술/IT,서포터즈,서울 노원구,22.6.18 ~ 22.11.15,대학생
90752,전국(장애인)체육대회 자원봉사자 모집,울산광역시자원봉사센터,비영리단체/협회/재단,22.5.2 ~ 22.6.17,4000명,"리더십, 휴학 중/시간 투자 가능, 타 대외활동 경험",체육/헬스사회공헌/교류,봉사단-국내,울산,22.10.7 ~ 22.10.24,"대학생, 직장인/일반인"
90753,2022 프로+불편러들의 사회변화 실험실 ★ 청년 팀 모집(~6/26),서울특별시자원봉사센터,기타,22.6.7 ~ 22.6.26,00명,기타,경영/컨설팅/마케팅콘텐츠,기타,서울,22.6.7 ~ 22.6.26,"대학생, 직장인/일반인"
90754,"온라인 코딩 대외활동, 《김변수와 시작하는 코딩생활 with 파이썬》 스터디 2기 모집",코뮤니티,스타트업,22.6.7 ~ 22.6.30,00명,기타,교육과학/공학/기술/IT,기타,지역 제한없음,22.7.4 ~ 22.7.25,대상 제한 없음
90767,제8기 뇌전증 인식개선 서포터즈 “We are Epilizer”,사단법인 한국뇌전증협회,비영리단체/협회/재단,22.6.7 ~ 22.6.23,20명,"파워블로거/SNS, 사진/영상/디자인 툴, 콘텐츠 기획/제작 경험, 휴학 중/시간 투자 가능, 타 대외활동 경험",의료/보건사회공헌/교류,서포터즈,지역 제한없음,22.6.27 ~ 22.8.12,대학생
90770,[현대차 정몽구 재단] ONSO ESG COLLEGE 1기 모집 (6/3~6/23),현대차정몽구재단,비영리단체/협회/재단,22.6.3 ~ 22.6.23,32명,"리더십, 휴학 중/시간 투자 가능, 타 대외활동 경험",교육환경/에너지,서포터즈강연,지역 제한없음,22.7.8 ~ 22.10.14,대학생
90774,2022년 경기 창업허브 「창업 핵심기술교육」,에이블런,중소기업,22.6.2 ~ 22.8.5,120명,기타,교육,강연,경기,22.6.2 ~ 22.8.5,대상 제한 없음
90775,6월 취업 프로그램 [ 역량기반 직업찾기/해외영업/개발자/인사직무/1인출판사],더와이랩,중소기업,22.6.7 ~ 22.6.30,00명,휴학 중/시간 투자 가능,교육,멘토링강연,"서울 관악구, 동작구, 영등포구, 종로구",22.6.10 ~ 22.6.30,대상 제한 없음
90776,[모집] 지음 서포트 크루 ‘위드’ WITH,용산청년지음,공공기관/공기업,22.6.7 ~ 22.6.21,6명,기타,콘텐츠사회공헌/교류,서포터즈,서울 용산구,22.7.1 ~ 22.12.31,대상 제한 없음
90777,[KT&G장학재단] 상상 교육 봉사단 2기 모집(~6/13),사회복지법인 아이들과미래재단,비영리단체/협회/재단,22.6.2 ~ 22.6.13,24명,"멘토링/수업 진행 경험, 휴학 중/시간 투자 가능, 타 대외활동 경험",교육사회공헌/교류,봉사단-국내,"서울 강남구, 강동구, 강북구, 강서구, 관악구, 광진구, 구로구, 금천구, 노원구, 도봉구, 동대문구, 동작구, 마포구, 서대문구, 서초구, 성동구, 성북구, 송파구, 양천구, 영등포구, 용산구, 은평구, 종로구, 중구, 중랑구",22.7.1 ~ 22.10.31,대학생
90779,[서울시 뉴딜일자리] 기업회계 전문가 양성 및 취업과정 참여자 모집,전경련 국제경영원 뉴딜사무국,비영리단체/협회/재단,22.6.7 ~ 모집시 마감,25명,기타,교육경영/컨설팅/마케팅,멘토링강연,서울,22.6.7 ~ 22.6.19,직장인/일반인
90780,[서울시 뉴딜일자리] 소셜플랫폼 전문마케터 교육 및 청년인턴 과정 9기 참여자 모집,(사)ESC상생포럼,비영리단체/협회/재단,22.6.7 ~ 모집시 마감,25명,기타,경영/컨설팅/마케팅콘텐츠,멘토링마케터,서울,22.7.20 ~ 22.9.16,직장인/일반인
90782,[사단법인 캠프] 피스-버스 청년 국제교류 프로그램 참가자 모집 (~06/22),사단법인 캠프,비영리단체/협회/재단,22.5.30 ~ 22.6.22,15명,"외국어, 리더십",교육사회공헌/교류,강연멘토링,지역 제한없음,22.5.30 ~ 22.6.22,"대학생, 직장인/일반인"
90783,2기 서포터즈 모집,중소기업사랑나눔재단,비영리단체/협회/재단,22.5.30 ~ 22.6.10,8명,"사진/영상/디자인 툴, 취재/인터뷰/기사 경험",사회공헌/교류,서포터즈봉사단-국내,서울 영등포구,22.6.27 ~ 22.12.31,대학생
90791,"<YOZM Season 3> 일상 속 나만 아는 트렌드 공유하고, 직접 마케팅 프로모션도 기획하자!",오프널(소비의미학),스타트업,22.6.7 ~ 22.6.14,35명,콘텐츠 기획/제작 경험,경영/컨설팅/마케팅과학/공학/기술/IT,서포터즈마케터,서울,22.6.15 ~ 22.9.30,대학생
90794,[스타벅스 창업카페 시즌9] 인사이트 프로그램 - '더모두' 대표 강연,"스타벅스, 서울창조경제혁신센터",대기업,22.6.7 ~ 22.6.13,0명,기타,경영/컨설팅/마케팅창업/자기계발,강연기타,지역 제한없음,22.6.14 ~ 22.6.14,대상 제한 없음
90802,[통계청 통계교육원] 2022년 제 1회 통계 아카데미,통계청 통계교육원 / 한국통계진흥원,공공기관/공기업,22.5.31 ~ 22.6.16,50명,기타,과학/공학/기술/IT,강연,대전 서구,22.5.31 ~ 22.6.16,대상 제한 없음
90804,2022창원조각비엔날레 홍보 서포터즈 모집,창원문화재단,비영리단체/협회/재단,22.6.7 ~ 22.6.27,30명,"파워블로거/SNS, 취재/인터뷰/기사 경험, 콘텐츠 기획/제작 경험, 휴학 중/시간 투자 가능",문화/역사행사/페스티벌,서포터즈봉사단-국내,경상 창원시,22.6.7 ~ 22.11.30,"대학생, 직장인/일반인"
90805,D.HARA(디하라) 제 3기 서포터즈 모집 공고,주식회사 유니그랜트하이,중소기업,22.6.9 ~ 22.6.15,00명,파워블로거/SNS,디자인/사진/예술/영상,서포터즈,지역 제한없음,22.6.21 ~ 22.7.24,대상 제한 없음
90806,코카패션에서 자문단을 모집합니다!,더베어컴퍼니,공공기관/공기업,22.6.7 ~ 22.6.17,2명,"콘텐츠 기획/제작 경험, 기타",디자인/사진/예술/영상기타,기타,지역 제한없음,22.7.1 ~ 22.11.30,대학생
90809,성장메이트 EXA 15기 모집,EXA,비영리단체/협회/재단,22.6.7 ~ 22.6.24,00명,"콘텐츠 기획/제작 경험, 리더십",경영/컨설팅/마케팅창업/자기계발,멘토링강연,지역 제한없음,22.7.2 ~ 22.9.3,"대학생, 직장인/일반인"
90811,[미니인턴X더브레드블루] 비건 베이커리 기업에 마케팅 아이디어 제안하고 2주만에 취업하자! (~06/22),오픈놀,중소기업,22.6.7 ~ 22.6.22,20명,휴학 중/시간 투자 가능,창업/자기계발,기타,지역 제한없음,22.6.7 ~ 22.6.22,"대학생, 직장인/일반인"
90844,진라면 진앤지니 14기 주니어 마케터 모집,(주)오뚜기,중견기업,22.5.31 ~ 22.6.20,00명,기타,요리/식품,서포터즈,지역 제한없음,22.6.30 ~ 22.8.24,대학생
90845,제26회 부천국제판타스틱영화제 어린이 심사단 모집,제26회 부천국제판타스틱영화제,기타,22.5.30 ~ 22.6.15,00명,행사 기획 경험,디자인/사진/예술/영상,기타,경기 부천시,22.6.25 ~ 22.7.17,청소년
90846,반크 아시아친선대사 8기 모집,"사이버외교사절단 반크, 아시아발전재단",비영리단체/협회/재단,22.6.2 ~ 22.6.26,0명,기타,문화/역사,서포터즈,지역 제한없음,22.7.9 ~ 22.8.12,"청소년, 대학생"
90847,2022 '아동이 직접 만드는 우리 지역 아동정책' 아동정책영향평가단 모집,아동안전위원회,비영리단체/협회/재단,22.6.7 ~ 22.7.10,170명,기타,정치/사회/법률,서포터즈,지역 제한없음,22.7.23 ~ 22.8.12,청소년
90848,2022 한국조폐공사 지역사랑모바일상품권 chak 서포터즈 모집,한국조폐공사,공공기관/공기업,22.6.6 ~ 22.10.31,0명,기타,정치/사회/법률,서포터즈,"강원 화천군, 전라 군산시, 나주시, 완도군, 경상 의성군",22.6.1 ~ 22.12.31,대상 제한 없음
90849,2022년 하반기 서울런 대학생 멘토단 모집 (서울특별시),서울특별시청 교육정책과,공공기관/공기업,22.6.3 ~ 22.6.17,0명,기타,사회공헌/교류,서포터즈멘토링,지역 제한없음,22.7.1 ~ 22.7.31,대학생
90850,2022 청소년기자단 유스패치 2기 모집,진해청소년문화의집,기타,22.6.1 ~ 22.6.30,10명,기타,디자인/사진/예술/영상기타,서포터즈기자단,지역 제한없음,-,청소년
90851,제주스마일센터 2022년 대학생 서포터즈 모집,제주스마일센터,기타,22.5.23 ~ 22.6.23,0명,기타,정치/사회/법률기타,서포터즈,지역 제한없음,-,대학생
90860,디스콰이엇 메이커 챌린지 3기,디스콰이엇,스타트업,22.6.8 ~ 22.6.18,00명,"취재/인터뷰/기사 경험, 콘텐츠 기획/제작 경험, 휴학 중/시간 투자 가능, 기타",과학/공학/기술/IT창업/자기계발,서포터즈기타,지역 제한없음,22.6.27 ~ 22.7.24,대상 제한 없음
90862,"[스타트업 채용설명회] NextRise 2022, Seoul 채용설명회",제이앤아이글로벌,기타,22.6.8 ~ 22.6.16,00명,기타,디자인/사진/예술/영상과학/공학/기술/IT,기타,지역 제한없음,22.6.16 ~ 22.6.17,대상 제한 없음
90864,진라면 진앤지니 14기 주니어 마케터 모집,(주)이너스커뮤니티,중소기업,22.5.31 ~ 22.6.20,00명,"파워블로거/SNS, 사진/영상/디자인 툴, 콘텐츠 기획/제작 경험",경영/컨설팅/마케팅콘텐츠,서포터즈마케터,지역 제한없음,22.6.30 ~ 22.8.24,대학생
90865,대학생 역량 강화 교육 [KT&G복지재단 자원봉사 아카데미],KT&G복지재단,비영리단체/협회/재단,22.6.7 ~ 22.6.20,8명,휴학 중/시간 투자 가능,교육사회공헌/교류,강연기타,서울 마포구,22.6.24 ~ 22.8.26,대학생
90871,무역/물류회사 취업대비반 교육생 모집,(주)JJENC / 예일직업전문학교,중소기업,22.6.8 ~ 22.7.4,30명,기타,교육유통/물류,기타멘토링,"부산, 울산, 경상",22.7.4 ~ 22.11.3,대상 제한 없음
90875,[청년 금융멘토링 지원사업] 직장인들을 위한 월급관리 입문 멘토링 세미나,KH자산관리법인,중소기업,22.6.8 ~ 22.6.21,0명,기타,경제/금융,강연,서울 강남구,22.6.22 ~ 22.6.22,"대학생, 직장인/일반인"
90876,[청년 금융멘토링 지원사업] 직장인들을 위한 월급관리 입문 멘토링 세미나,KH자산관리법인,-,-,0명,모두 지원 가능,,,-,-,-
90882,삼양식품 엠버서더 삼양러버 모집,꺄르르팩토리,중소기업,22.6.8 ~ 22.6.20,00명,"파워블로거/SNS, 사진/영상/디자인 툴, 콘텐츠 기획/제작 경험, 타 대외활동 경험",디자인/사진/예술/영상콘텐츠,서포터즈,서울,22.7.6 ~ 22.9.30,대학생
90890,"""세종, 뭐 돼?"" 2022 실패박람회 <청년아고라> 숙의토론 참여자 모집",청년희망팩토리 사회적협동조합,기타,22.6.3 ~ 22.6.17,50명,기타,행사/페스티벌정치/사회/법률,기타,세종 세종시,22.6.22 ~ 22.6.22,대상 제한 없음
90892,2022 청소년 인터넷·스마트폰 치유캠프 멘토 모집,충청북도청소년종합진흥원 청소년상담복지센터,기타,22.5.18 ~ 22.6.19,10명,"사진/영상/디자인 툴, 멘토링/수업 진행 경험, 휴학 중/시간 투자 가능, 타 대외활동 경험",교육사회공헌/교류,멘토링기타,지역 제한없음,22.9.15 ~ 22.9.23,"대학생, 직장인/일반인"
90898,툰베리와 함께하는 기후여행 (18회 동북아 청소년 포럼),사단법인 더나은세상,비영리단체/협회/재단,22.6.3 ~ 22.6.29,20명,외국어,환경/에너지사회공헌/교류,기타강연,지역 제한없음,22.8.17 ~ 22.8.24,대학생
90899,2022년 청소년 인권 기자단,충청북도청소년종합진흥원 청소년상담복지센터,기타,22.6.2 ~ 22.6.12,00명,"취재/인터뷰/기사 경험, 멘토링/수업 진행 경험",언론/미디어교육,기자단,충청 청주시,22.7.1 ~ 23.12.31,대학생
90905,서울청년센터 은평 오랑 - 월간 상담 건강편(6월) 참여자 모집,서울청년센터 은평 오랑,기타,22.6.6 ~ 22.6.16,60명,기타,체육/헬스기타,기타,서울 은평구,22.6.18 ~ 22.6.18,"대학생, 직장인/일반인"
90909,SC제일은행 『Women in FinTech 아카데미 3기』 모집,Women in FinTech 아카데미 3기,금융권,22.6.3 ~ 22.6.26,00명,기타,경제/금융경영/컨설팅/마케팅,기타멘토링,지역 제한없음,22.7.8 ~ 22.10.6,대상 제한 없음
90917,인스타페이 온구서점 운영팀 모집(대학별),인스타페이,스타트업,22.6.8 ~ 22.7.10,00명,"파워블로거/SNS, 취재/인터뷰/기사 경험, 콘텐츠 기획/제작 경험, 컴퓨터 활용능력, 휴학 중/시간 투자 가능, 행사 기획 경험",창업/자기계발콘텐츠,서포터즈마케터,지역 제한없음,22.8.1 ~ 23.2.28,대학생
90922,['광주/전남' 고용노동부] 중소기업 청년 직무체험 프로그램_ 생산·품질·구매 실무 프로그램 참여자 모집 (대학교재학생 특화 프로그램),(사)인재육성아카데미,중소기업,22.6.8 ~ 22.11.17,30명,"멘토링/수업 진행 경험, 타 대외활동 경험, 기타",교육유통/물류,기타서포터즈,지역 제한없음,22.6.27 ~ 22.6.29,대학생
90931,워킹홀리데이 우리는 경북으로 간다!,스펙업,-,-,0명,모두 지원 가능,,,-,-,-
90932,"[썬데이나마스떼 X 국립박물관문화재단] 음악과 함께, 썬데이 명상 클래스",썬데이나마스떼,중소기업,22.6.6 ~ 22.6.17,00명,기타,행사/페스티벌교육,강연,지역 제한없음,22.6.19 ~ 22.6.19,대상 제한 없음
90938,언론인권센터 제4기 청년기자단,언론인권센터,비영리단체/협회/재단,22.6.1 ~ 22.6.22,00명,"취재/인터뷰/기사 경험, 콘텐츠 기획/제작 경험",언론/미디어콘텐츠,기자단,서울,22.6.22 ~ 22.12.31,대학생
90950,[서울시] 용산기지 시민기자단 용산기지 스토리텔러 모집(~06/26),서울특별시,공공기관/공기업,22.6.9 ~ 22.6.26,5명,"취재/인터뷰/기사 경험, 콘텐츠 기획/제작 경험, 타 대외활동 경험",언론/미디어문화/역사,기자단,지역 제한없음,22.7.4 ~ 22.10.31,대상 제한 없음
90958,[2022 서포터즈] 남도여행길잡이 ‘남도메이트’ 서포터즈 2차 모집,전라남도 관광과,공공기관/공기업,22.6.1 ~ 22.7.4,10명,"파워블로거/SNS, 사진/영상/디자인 툴, 콘텐츠 기획/제작 경험, 휴학 중/시간 투자 가능",여행/호텔/항공콘텐츠,서포터즈,전라,22.6.15 ~ 22.7.15,대상 제한 없음
90979,진학사 캐치카페 마케팅 서포터즈 2기 모집,(주)진학사,중소기업,22.6.8 ~ 22.6.22,18명,"파워블로거/SNS, 콘텐츠 기획/제작 경험",경영/컨설팅/마케팅콘텐츠,서포터즈마케터,서울,22.7.4 ~ 22.8.31,대학생
90982,갤럭시 대학생 마케팅 크루 모집,삼성전자(주),대기업,22.6.7 ~ 22.6.22,00명,콘텐츠 기획/제작 경험,경영/컨설팅/마케팅콘텐츠,서포터즈마케터,지역 제한없음,22.7.1 ~ 22.8.31,대학생
90985,2022년 월드프렌즈코리아 ICT봉사단 모집(기간 연장),한국지능정보사회진흥원(NIA),공공기관/공기업,22.5.11 ~ 22.6.16,00명,외국어,과학/공학/기술/IT사회공헌/교류,봉사단-해외,지역 제한없음,22.7.1 ~ 22.12.31,"대학생, 직장인/일반인"
90995,전지적 청소년언어 시점 참가 청소년 모집,진해청소년문화의집,기타,22.6.1 ~ 22.6.30,15명,기타,기타,서포터즈,경상 창원시,22.6.1 ~ 22.11.30,청소년
90997,2022 핸드아티코리아 제 4회 핸코 프렌즈 모집,(주)메쎄이상,중소기업,22.6.8 ~ 22.6.26,20명,기타,콘텐츠,서포터즈,서울 마포구,22.7.1 ~ 22.8.3,대상 제한 없음
90998,강남문화재단 2022년 서포터즈 기자단 모집,강남문화재단,비영리단체/협회/재단,22.6.8 ~ 22.6.30,6명,기타,정치/사회/법률기타,기자단,서울 강남구,22.6.1 ~ 23.12.31,"대학생, 직장인/일반인"
90999,삼양식품 엠버서더 2022년 삼양러버 1기 모집,삼양식품,중견기업,22.6.8 ~ 22.6.20,00명,기타,요리/식품기타,서포터즈,지역 제한없음,22.7.6 ~ 22.9.30,대학생
91001,도토리 녹색봉사단 6월 봉사활동자 모집,(사)미래숲,중소기업,22.6.8 ~ 22.6.24,20명,기타,환경/에너지사회공헌/교류,봉사단-국내,서울 종로구,22.6.25 ~ 22.6.25,"청소년, 대학생"
91003,[한국조폐공사KOMSCO] 지역사랑 모바일 상품권 chak서포터즈 모집,한국조폐공사,공공기관/공기업,22.6.6 ~ 22.10.31,0명,기타,정치/사회/법률,서포터즈,지역 제한없음,22.6.1 ~ 22.12.31,대상 제한 없음
91006,진주문화융합 밀키트 레시피 공모전 참가자 모집,진주문화관광재단,비영리단체/협회/재단,22.6.6 ~ 22.7.11,0명,기타,요리/식품,기타,경상 진주시,-,직장인/일반인
91008,압구정노인복지센터 메타버스 플랫폼 제페토 도우미 모집,압구정노인복지센터,기타,22.6.3 ~ 22.6.26,5명,기타,교육과학/공학/기술/IT,봉사단-국내,서울 강남구,22.7.1 ~ 22.11.30,대학생
91019,"[직무역량강화] 마케팅&회계 직무체험 프로젝트(10일, 50시간)",(주)제이앤비솔루션,중소기업,22.6.10 ~ 22.6.29,0명,"멘토링/수업 진행 경험, 컴퓨터 활용능력",교육창업/자기계발,강연멘토링,서울 강남구,22.6.27 ~ 22.7.8,대학생
91037,KT&G장학재단 상상 교육봉사단 2기 모집,KT&G장학재단,비영리단체/협회/재단,22.6.2 ~ 22.6.13,00명,"멘토링/수업 진행 경험, 리더십",교육사회공헌/교류,봉사단-국내,서울,22.7.1 ~ 22.10.31,대학생
91046,"(광주동구)2022 동구 청년, 나와 맞는 진로 찾기「청년 N잡러 연구소」참여자 모집",아모틱협동조합,중소기업,22.6.9 ~ 22.6.13,14명,"콘텐츠 기획/제작 경험, 휴학 중/시간 투자 가능",창업/자기계발콘텐츠,기자단기타,지역 제한없음,22.6.27 ~ 22.7.29,"대학생, 직장인/일반인"
91054,[한국외대] 서울캠퍼스타운 창업 교육 프로그램 및 경진대회,디센터,기타,22.6.6 ~ 22.6.17,00명,"리더십, 기타",경영/컨설팅/마케팅사회공헌/교류,강연멘토링,서울,22.6.20 ~ 22.7.12,대상 제한 없음
91056,2022년 NGO Traveler 7기,굿네이버스대구서부지부,비영리단체/협회/재단,22.6.9 ~ 22.6.30,30명,"콘텐츠 기획/제작 경험, 휴학 중/시간 투자 가능",경영/컨설팅/마케팅콘텐츠,마케터봉사단-국내,지역 제한없음,22.6.9 ~ 22.6.30,대상 제한 없음
91058,광주도시관리공사 2기 청년 SNS서포터즈 모집,광주도시관리공사,공공기관/공기업,22.6.9 ~ 22.6.23,8명,"사진/영상/디자인 툴, 취재/인터뷰/기사 경험, 콘텐츠 기획/제작 경험, 휴학 중/시간 투자 가능, 타 대외활동 경험",행사/페스티벌경영/컨설팅/마케팅,서포터즈,"서울, 경기",22.7.1 ~ 22.12.31,"대학생, 직장인/일반인"
91067,[전액무료] 대전 특수영상 전문가 양성 프로그램 수강생 모집,아트엑스캠퍼스,스타트업,22.5.31 ~ 모집시 마감,200명,기타,과학/공학/기술/IT콘텐츠,기타,대전,22.6.13 ~ 22.7.29,"대학생, 직장인/일반인"
91075,[부산국제코미디페스티벌] 페스티벌을 함께 즐길 학생기자단을 모집합니다!,부산국제코미디페스티벌조직위원회,비영리단체/협회/재단,22.5.30 ~ 22.6.17,10명,"사진/영상/디자인 툴, 콘텐츠 기획/제작 경험, 타 대외활동 경험",행사/페스티벌디자인/사진/예술/영상,서포터즈기자단,부산,22.8.19 ~ 22.8.28,대상 제한 없음
91083,[강남구지원] 소프트웨터 테스터 양성과정 교육생 모집,강남구여성능력개발센터,비영리단체/협회/재단,22.6.9 ~ 22.6.29,00명,컴퓨터 활용능력,교육과학/공학/기술/IT,기타,서울 강남구,22.6.9 ~ 22.6.29,"대학생, 직장인/일반인"
91101,2022년도 한국특허전략개발원 시민참여혁신단 모집,한국특허전략개발원,공공기관/공기업,22.6.3 ~ 22.6.13,20명,타 대외활동 경험,기타,기타,지역 제한없음,22.6.27 ~ 23.6.26,대상 제한 없음
91109,2022 데이터 청년 캠퍼스 교육생 모집,한국데이터산업진흥원,공공기관/공기업,22.5.16 ~ 22.6.13,00명,"멘토링/수업 진행 경험, 휴학 중/시간 투자 가능, 기타",교육창업/자기계발,멘토링기타,지역 제한없음,22.6.27 ~ 22.8.31,대학생
91112,"[개발, 마케팅, 디자인 현직자 멘토링] 2022 상반기 넉넉위크(~6/22)",청년일다방,공공기관/공기업,22.6.9 ~ 22.6.22,300명,기타,디자인/사진/예술/영상과학/공학/기술/IT,멘토링강연,지역 제한없음,22.6.27 ~ 22.6.30,대상 제한 없음
91117,[스타벅스 창업카페 시즌9] 인사이트 프로그램 - '소프트스퀘어드' 대표 강연,"스타벅스, 중소벤처기업부",대기업,22.6.9 ~ 22.6.20,00명,기타,과학/공학/기술/IT창업/자기계발,강연기타,지역 제한없음,22.6.21 ~ 22.6.21,대상 제한 없음
91122,[칠곡군] 2022전국대학생인문학활동 참여자 모집 (~6월 30일 목),인디053,중소기업,22.6.8 ~ 22.6.30,30명,"사진/영상/디자인 툴, 취재/인터뷰/기사 경험, 콘텐츠 기획/제작 경험, 외국어",문화/역사콘텐츠,봉사단-국내서포터즈,경상 칠곡군,22.7.18 ~ 22.7.23,"대학생, 직장인/일반인"
91123,6월 도토리 녹색봉사단 모집,사단법인 미래숲,비영리단체/협회/재단,22.6.9 ~ 모집시 마감,20명,기타,환경/에너지,봉사단-국내,서울 마포구,22.6.25 ~ 22.6.25,대상 제한 없음
91131,"청년 공익활동 알리기 프로젝트 ""공익활동x청년의 시선""",제주공익활동지원센터,공공기관/공기업,22.6.9 ~ 22.6.21,15명,"사진/영상/디자인 툴, 취재/인터뷰/기사 경험",디자인/사진/예술/영상사회공헌/교류,멘토링강연,제주,22.6.28 ~ 22.8.30,대학생
91143,청년응원카페 “금정 청년 라운지” 참여 청년 모집,금정구청,공공기관/공기업,22.6.10 ~ 22.6.17,100명,기타,기타,기타,부산 금정구,22.7.1 ~ 22.12.31,"대학생, 직장인/일반인"
91146,"해커스주최, 아이엘츠 시험장 이벤트 or 소문내기 이벤트! ★100%혜택 제공★",해커스어학원,중견기업,22.6.9 ~ 22.7.27,0명,외국어,교육콘텐츠,기타서포터즈,지역 제한없음,22.6.9 ~ 22.7.27,대상 제한 없음
91148,[동작진로직업체험지원센터] 7/14 성남고등학교 <찾아가는 꿈 멘토링> 멘토 모집,동작진로직업체험지원센터,공공기관/공기업,22.6.9 ~ 22.6.14,9명,"멘토링/수업 진행 경험, 휴학 중/시간 투자 가능, 타 대외활동 경험",교육사회공헌/교류,강연멘토링,서울 동작구,22.7.14 ~ 22.7.14,대학생
91152,제3회 팩트체크톤(~7/24),공모전사무국,-,-,0명,모두 지원 가능,,,-,-,-
91157,"[동작구] 알짜 기업분석 특강, 1:1 컨설팅, 영업/영업관리 실무자 특강 참여자 모집 (~6/28, 참가비 무료)",잡아이디어,중소기업,22.6.9 ~ 22.8.24,16명,휴학 중/시간 투자 가능,교육기타,강연멘토링,서울,22.6.9 ~ 22.6.28,대상 제한 없음
91158,아직도 취업해? 이젠 1인 창업시대! <2022 부의 트렌드 LIVE 세미나 : 1인 창업 시대> 참여자 모집,라이프해킹스쿨,공공기관/공기업,22.6.8 ~ 22.6.22,100명,"멘토링/수업 진행 경험, 리더십",교육창업/자기계발,강연멘토링,지역 제한없음,22.6.22 ~ 22.6.22,대상 제한 없음
91162,도토리 녹색봉사단 6월 봉사활동자 모집,(사)미래숲,중소기업,22.6.8 ~ 22.6.24,20명,기타,환경/에너지사회공헌/교류,봉사단-국내,서울,22.6.25 ~ 22.6.25,"청소년, 대학생"
91164,2022년 서울예술교육센터 청소년 일상상상 프로젝트 ‘창작지원+er’(창작지원터) 참여청소년 모집,서울문화재단 서울예술교육센터,비영리단체/협회/재단,22.5.24 ~ 22.6.14,00명,기타,디자인/사진/예술/영상기타,기타,서울,-,청소년
91166,2022년 철도안전 청년제보단 모집,한국교통안전공단 철도안전처,공공기관/공기업,22.6.8 ~ 22.6.22,100명,기타,정치/사회/법률기타,서포터즈,지역 제한없음,22.7.1 ~ 22.11.30,"대학생, 직장인/일반인"
91167,[고용노동부] 드디어 열렸다! 마케팅 실무경험 쌓을 기회! <2박3일 실무경험 프로젝트 1기> 에서 마케팅 실무 프로젝트로 취업 준비해볼 사람?! (~06/19),오픈놀,중소기업,22.6.9 ~ 22.6.19,45명,"콘텐츠 기획/제작 경험, 타 대외활동 경험",교육경영/컨설팅/마케팅,강연멘토링,지역 제한없음,22.6.22 ~ 22.6.24,대학생
91169,NH농협손해보험 제 9기 고객패널모집,NH농협손해보험,중견기업,22.6.3 ~ 22.6.14,0명,기타,경영/컨설팅/마케팅기타,서포터즈,서울 서대문구,22.7.1 ~ 22.9.30,직장인/일반인
91170,제37기 신한은행 대학생 홍보대사 모집,신한은행,금융권,22.7.1 ~ 22.7.11,100명,기타,경제/금융콘텐츠,서포터즈,지역 제한없음,22.8.1 ~ 22.12.31,대학생
91172,코닥 포토프린터 서포터즈 코닥 치즈 2기 모집,(주)프리닉스,중소기업,22.6.9 ~ 22.8.24,00명,기타,디자인/사진/예술/영상콘텐츠,서포터즈,지역 제한없음,22.6.8 ~ 22.8.31,대상 제한 없음
91187,경기콘텐츠진흥원 2022년 디자인 솔루션 랩 참가학생 6기 모집,경기콘텐츠진흥원,기타,22.6.1 ~ 22.6.21,30명,기타,디자인/사진/예술/영상,서포터즈,경기,22.7.1 ~ 22.10.31,대학생
91189,밝은안과21병원 CM송 공모전,링커리어링,-,-,0명,모두 지원 가능,,,-,-,-
91197,2022년 아산시 도시재생 아이디어 공모전 'SPAce@도고 캠핑톤',링커리어링,-,-,0명,모두 지원 가능,,,-,-,-
91202,2022년 한복상점 참가사 모집 공모,문화체육관광부 / 한국공예·디자인문화진흥원,공공기관/공기업,22.5.18 ~ 22.6.17,0명,기타,디자인/사진/예술/영상,기타,지역 제한없음,-,대상 제한 없음
91225,2022년 시민혁신 아이디어 공모,안산도시공사,-,-,0명,모두 지원 가능,,,-,-,-
91232,2022 AI(인공지능) 중급반 교육생 모집,청주대학교 산학협력단,비영리단체/협회/재단,22.6.10 ~ 22.6.23,0명,"컴퓨터 활용능력, 휴학 중/시간 투자 가능, 기타",교육과학/공학/기술/IT,서포터즈멘토링,충청,22.6.27 ~ 22.9.2,대상 제한 없음
91233,융합코딩지도사 교육 모집,부천여성인력개발센터,비영리단체/협회/재단,22.6.10 ~ 22.7.19,20명,컴퓨터 활용능력,교육,기타,지역 제한없음,22.7.26 ~ 22.9.22,대상 제한 없음
91234,모두의 AI학교 아이펠(AIFFEL) 부산-대구-울산 캠퍼스 교육생 모집,모두의연구소,기타,22.6.6 ~ 22.6.19,00명,"멘토링/수업 진행 경험, 콘텐츠 기획/제작 경험, 컴퓨터 활용능력, 휴학 중/시간 투자 가능, 기타",교육과학/공학/기술/IT,멘토링강연,지역 제한없음,22.6.27 ~ 22.12.13,대상 제한 없음
91236,[한국문화예술위원회] 문화다양성 서포터즈 <늘다양> 2기 모집,문화체육관광부/ 한국문화예술위원회,공공기관/공기업,22.6.10 ~ 22.6.26,4명,"파워블로거/SNS, 사진/영상/디자인 툴, 취재/인터뷰/기사 경험, 콘텐츠 기획/제작 경험, 휴학 중/시간 투자 가능, 타 대외활동 경험",언론/미디어디자인/사진/예술/영상,서포터즈,지역 제한없음,22.7.1 ~ 22.12.31,대학생
91240,역사꽃연구소 서포터즈 1기 모집,역사꽃연구소,중소기업,22.6.10 ~ 22.6.29,15명,"파워블로거/SNS, 사진/영상/디자인 툴, 콘텐츠 기획/제작 경험",문화/역사교육,서포터즈,지역 제한없음,22.7.5 ~ 22.9.30,대학생
91246,[국립생태원/한국생태관광협회] 2022년 습지 SNS 기자단 모집 (~6/21),한국생태관광협회,비영리단체/협회/재단,22.6.10 ~ 22.6.21,15명,"파워블로거/SNS, 사진/영상/디자인 툴, 취재/인터뷰/기사 경험, 콘텐츠 기획/제작 경험, 타 대외활동 경험",여행/호텔/항공디자인/사진/예술/영상,기자단,지역 제한없음,22.6.29 ~ 22.12.20,대상 제한 없음
91252,해외주식 소수점투자 플랫폼 '오월' 체험단 모집 (~6/27),콰라소프트,금융권,22.6.10 ~ 22.11.16,0명,기타,경제/금융,기타서포터즈,지역 제한없음,22.7.11 ~ 22.10.10,"대학생, 직장인/일반인"
91257,<2022 씨네페미니즘학교> 집중강좌 수강생 모집(6/9~선착순 마감),서울국제여성영화제,비영리단체/협회/재단,22.6.9 ~ 22.6.16,00명,기타,디자인/사진/예술/영상,강연,지역 제한없음,22.6.9 ~ 22.8.8,대상 제한 없음
91259,"[포럼] 메타버스 시대, 자본시장의 관심",데일리임팩트,기타,22.6.10 ~ 22.6.24,00명,기타,언론/미디어과학/공학/기술/IT,강연기타,지역 제한없음,22.6.24 ~ 22.6.24,"대학생, 직장인/일반인"
91267,2022년 환경분야 청년창업 지원 사업 참여기업 모집 공고,인천시사회적경제지원센터,비영리단체/협회/재단,22.6.10 ~ 22.7.1,10명,리더십,창업/자기계발,기타,인천,22.7.1 ~ 22.12.31,"대학생, 직장인/일반인"
91268,2022년 국가간 청소년 온라인 교류 청소년(대학생 포함) 및 통역 2차 모집,한국청소년활동진흥원,공공기관/공기업,22.6.8 ~ 22.6.27,56명,기타,문화/역사사회공헌/교류,해외탐방-무료,지역 제한없음,22.8.1 ~ 22.11.30,대상 제한 없음
91270,서초유스센터 청소년 스마트 체험 놀이터 자원봉사자 모집,구립서초유스센터,공공기관/공기업,22.6.1 ~ 22.6.30,000명,기타,콘텐츠기타,봉사단-국내,서울 서초구,22.6.1 ~ 22.6.30,"대학생, 직장인/일반인"
91278,[굿네이버스 인천서부지부 실습모집]2022년 하계방중 실습 모집 안내,굿네이버스,기타,22.6.10 ~ 22.6.24,0명,기타,교육사회공헌/교류,기타,인천,22.7.18 ~ 22.8.12,"대학생, 직장인/일반인"
91282,2022년 생물다양성 녹색기자단 모집연장,(사)에코맘코리아,비영리단체/협회/재단,22.5.20 ~ 22.6.17,00명,"파워블로거/SNS, 사진/영상/디자인 툴, 취재/인터뷰/기사 경험",언론/미디어기타,기자단기타,지역 제한없음,22.6.20 ~ 22.7.5,"청소년, 대학생"
91283,굿네이버스 인천서부지부 NGO Traveler 모집,굿네이버스 인천서부지부,기타,22.6.9 ~ 22.6.17,00명,기타,사회공헌/교류,기타,인천,22.6.27 ~ 22.8.6,대학생
91287,2022 문화콘텐츠 기획자 양성사업 <씬 메이커스(Scene Makers)> 참여자 모집,(재)부평구문화재단,공공기관/공기업,22.6.7 ~ 22.6.21,20명,"콘텐츠 기획/제작 경험, 행사 기획 경험",행사/페스티벌디자인/사진/예술/영상,서포터즈,지역 제한없음,22.7.7 ~ 22.10.6,"대학생, 직장인/일반인"
91291,[에코마케팅] 기획하는 디자이너 채용(채용연계형 인턴/신입),(주)에코마케팅,-,-,0명,모두 지원 가능,,,-,-,-
91298,"건강한 관계형성 집단상담 프로그램 ""야, 너두 건강한 연애할 수 있어"" 모집",구립서초유스센터,비영리단체/협회/재단,22.6.10 ~ 22.7.3,10명,휴학 중/시간 투자 가능,창업/자기계발사회공헌/교류,강연기타,지역 제한없음,22.7.7 ~ 22.7.28,대학생
91299,<추가모집>기술개방 혁신전문가 교육! 정규직취업연계 인턴기회 부여! 수료증 등 경쟁력!,한국기술사업화협회,비영리단체/협회/재단,22.7.7 ~ 22.7.15,0명,기타,과학/공학/기술/IT기타,강연기타,지역 제한없음,22.7.18 ~ 22.9.5,대상 제한 없음
91312,대한장애인체육회 제12기 소셜기자단 모집,대한장애인체육회,공공기관/공기업,22.6.8 ~ 22.6.21,20명,"파워블로거/SNS, 사진/영상/디자인 툴, 취재/인터뷰/기사 경험, 콘텐츠 기획/제작 경험",행사/페스티벌체육/헬스,기자단,지역 제한없음,22.7.1 ~ 23.6.30,대학생
91313,[부산메인직업학교/국비무료지원] 디지털 웹디자인&웹퍼블리셔 양성 교육생 모집,부산메인직업학교,기타,22.6.10 ~ 22.7.1,20명,기타,교육디자인/사진/예술/영상,기타,부산,22.6.28 ~ 22.11.1,"대학생, 직장인/일반인"
91317,월드캠프 조직위원회,사단법인 국제청소년연합 (IYF) 부산지부,비영리단체/협회/재단,22.6.10 ~ 22.6.30,300명,기타,행사/페스티벌,서포터즈,지역 제한없음,22.7.3 ~ 22.7.9,대학생
91319,[은평 오랑] 청년특강 식사편(잇팅 스텝) 참가자 모집 ( ~6/24),서울청년센터 은평 오랑,공공기관/공기업,22.6.10 ~ 22.6.24,30명,기타,요리/식품기타,강연기타,서울 은평구,22.7.2 ~ 22.7.30,"대학생, 직장인/일반인"
91323,"시흥시인재양성재단 ""모꼬지 멘토링 멘토 활동 장학생"" 모집",시흥시인재양성재단,공공기관/공기업,22.6.2 ~ 22.6.17,30명,"멘토링/수업 진행 경험, 리더십",문화/역사사회공헌/교류,멘토링,경기 시흥시,22.7.6 ~ 22.8.25,대상 제한 없음
91325,[Day1company] 슈퍼루키 올인원 인턴십,데이원컴퍼니,공공기관/공기업,22.5.30 ~ 22.6.15,00명,리더십,교육콘텐츠,강연멘토링,지역 제한없음,22.7.1 ~ 22.9.30,대상 제한 없음
91343,[인구보건복지협회x하나금융나눔재단] 수도권 대학생 멘토 1기 모집,인구보건복지협회,비영리단체/협회/재단,22.5.31 ~ 22.6.19,00명,멘토링/수업 진행 경험,문화/역사교육,봉사단-국내멘토링,지역 제한없음,22.6.28 ~ 22.10.31,대학생
91349,부산도시공사 대학생 서포터즈(6기) 모집 공고,부산도시공사,-,-,0명,모두 지원 가능,,,-,-,-
91351,어벤더치커피 찐어른 서포터즈 어벤어른 2기,(주)카페폴인,중소기업,22.6.7 ~ 22.6.22,10명,"파워블로거/SNS, 콘텐츠 기획/제작 경험, 컴퓨터 활용능력, 타 대외활동 경험",요리/식품콘텐츠,서포터즈,부산,22.7.1 ~ 22.9.30,직장인/일반인
