,인덱스,기업명,관심분야,경영컨설팅마케팅,경제금융,과학공학기술IT,교육,문화역사,뷰티미용화장품,사회공헌교류,언론미디어,여행호텔항공,요리식품,의료보건,정치사회법률,창업자기계발,행사페스티벌,환경에너지,기타체육헬스,디자인사진예술영상콘텐츠,우대역량,리더십,멘토링/수업 진행 경험,모두 지원 가능,사진/영상/디자인 툴,외국어,우대역량_기타,취재/인터뷰/기사 경험,컴퓨터 활용능력,콘텐츠 기획/제작 경험,타 대외활동 경험,파워블로거/SNS,행사 기획 경험,휴학 중/시간 투자 가능,모집 인원,모집인원규모
0,53987,스카이(SKY),과학공학기술IT,0,0,1,0,0,0,0,0,0,0,0,0,0,0,0,0,0,"파워블로거/SNS, 사진/영상/디자인 툴, 취재/인터뷰/기사 경험, 콘텐츠 기획/제작 경험, 타 대외활동 경험",0,0,0,1,0,0,1,0,1,1,1,0,0,99,중
1,53989,서주제과(주)   ,요리식품,0,0,0,0,0,0,0,0,0,1,0,0,0,0,0,0,0,모두 지원 가능,0,0,1,0,0,0,0,0,0,0,0,0,0,99,중
2,53990,이석영뉴미디어도서관,문화역사,0,0,0,0,1,0,0,0,0,0,0,0,0,0,0,0,0,모두 지원 가능,0,0,1,0,0,0,0,0,0,0,0,0,0,9,소
3,53991,관세청   ,경제금융,0,1,0,0,0,0,0,0,0,0,0,0,0,0,0,0,0,"사진/영상/디자인 툴, 취재/인터뷰/기사 경험",0,0,0,1,0,0,1,0,0,0,0,0,0,99,중
4,53993,독산동우시장일대 도시재생지원센터,문화역사,0,0,0,0,1,0,0,0,0,0,0,0,0,0,0,0,0,모두 지원 가능,0,0,1,0,0,0,0,0,0,0,0,0,0,99,중
5,53994,GH공사   ,디자인사진예술영상,0,0,0,0,0,0,0,0,0,0,0,0,0,0,0,0,1,"파워블로거/SNS, 사진/영상/디자인 툴, 취재/인터뷰/기사 경험, 멘토링/수업 진행 경험, 콘텐츠 기획/제작 경험, 컴퓨터 활용능력, 타 대외활동 경험",0,1,0,1,0,0,1,1,1,1,1,0,0,6,소
6,53995,문경시,경영컨설팅마케팅,1,0,0,0,0,0,0,0,0,0,0,0,0,0,0,0,0,파워블로거/SNS,0,0,0,0,0,0,0,0,0,0,1,0,0,99,중
7,53996,ICN Group,경영컨설팅마케팅,1,0,0,0,0,0,0,0,0,0,0,0,0,0,0,0,0,모두 지원 가능,0,0,1,0,0,0,0,0,0,0,0,0,0,10,소
8,53997,서울특별시,디자인사진예술영상,0,0,0,0,0,0,0,0,0,0,0,0,0,0,0,0,1,모두 지원 가능,0,0,1,0,0,0,0,0,0,0,0,0,0,99,중
9,53998,시립강북청소년센터,교육,0,0,0,1,0,0,0,0,0,0,0,0,0,0,0,0,0,모두 지원 가능,0,0,1,0,0,0,0,0,0,0,0,0,0,99,중
10,53999,청우식품,경영컨설팅마케팅,1,0,0,0,0,0,0,0,0,0,0,0,0,0,0,0,0,모두 지원 가능,0,0,1,0,0,0,0,0,0,0,0,0,0,10,소
11,54000,후변화센터,경영컨설팅마케팅,1,0,0,0,0,0,0,0,0,0,0,0,0,0,0,0,0,모두 지원 가능,0,0,1,0,0,0,0,0,0,0,0,0,0,25,중
12,54001,엘리스   ,교육,0,0,0,1,0,0,0,0,0,0,0,0,0,0,0,0,0,"콘텐츠 기획/제작 경험, 컴퓨터 활용능력",0,0,0,0,0,0,0,1,1,0,0,0,0,99,중
13,54008,한국경제신문,경영컨설팅마케팅,1,0,0,0,0,0,0,0,0,0,0,0,0,0,0,0,0,모두 지원 가능,0,0,1,0,0,0,0,0,0,0,0,0,0,10,소
14,54011,한국경제신문,창업자기계발,0,0,0,0,0,0,0,0,0,0,0,0,1,0,0,0,0,외국어,0,0,0,0,1,0,0,0,0,0,0,0,0,100,중
15,54012,모두의마을   ,문화역사,0,0,0,0,1,0,0,0,0,0,0,0,0,0,0,0,0,모두 지원 가능,0,0,1,0,0,0,0,0,0,0,0,0,0,16,소
16,54037,HumaNect Lab   ,디자인사진예술영상,0,0,0,0,0,0,0,0,0,0,0,0,0,0,0,0,1,"파워블로거/SNS, 사진/영상/디자인 툴, 취재/인터뷰/기사 경험, 멘토링/수업 진행 경험, 콘텐츠 기획/제작 경험, 컴퓨터 활용능력, 외국어, 리더십, 휴학 중/시간 투자 가능, 타 대외활동 경험, 행사 기획 경험",1,1,0,1,1,0,1,1,1,1,1,1,1,20,소
17,54039,알바천국   ,교육,0,0,0,1,0,0,0,0,0,0,0,0,0,0,0,0,0,모두 지원 가능,0,0,1,0,0,0,0,0,0,0,0,0,0,5,소
18,54041,G.bike,경영컨설팅마케팅,1,0,0,0,0,0,0,0,0,0,0,0,0,0,0,0,0,우대역량_기타,0,0,0,0,0,1,0,0,0,0,0,0,0,9,소
19,54061,ISE(Institute of Smart Education),과학공학기술IT,0,0,1,0,0,0,0,0,0,0,0,0,0,0,0,0,0,모두 지원 가능,0,0,1,0,0,0,0,0,0,0,0,0,0,99,중
20,54063,스마트미디어인재개발원   ,과학공학기술IT,0,0,1,0,0,0,0,0,0,0,0,0,0,0,0,0,0,컴퓨터 활용능력,0,0,0,0,0,0,0,1,0,0,0,0,0,99,중
21,54065,녹색식품연구소   ,요리식품,0,0,0,0,0,0,0,0,0,1,0,0,0,0,0,0,0,모두 지원 가능,0,0,1,0,0,0,0,0,0,0,0,0,0,20,소
22,54068,오뚜일요학교,교육,0,0,0,1,0,0,0,0,0,0,0,0,0,0,0,0,0,우대역량_기타,0,0,0,0,0,1,0,0,0,0,0,0,0,1,소
23,54070,국립대학 육성사업 발전협의회   ,디자인사진예술영상,0,0,0,0,0,0,0,0,0,0,0,0,0,0,0,0,1,"파워블로거/SNS, 사진/영상/디자인 툴, 콘텐츠 기획/제작 경험, 타 대외활동 경험",0,0,0,1,0,0,0,0,1,1,1,0,0,20,소
24,54072,니들리,경영컨설팅마케팅,1,0,0,0,0,0,0,0,0,0,0,0,0,0,0,0,0,모두 지원 가능,0,0,1,0,0,0,0,0,0,0,0,0,0,150,대
25,54074,라니샵,경영컨설팅마케팅,1,0,0,0,0,0,0,0,0,0,0,0,0,0,0,0,0,우대역량_기타,0,0,0,0,0,1,0,0,0,0,0,0,0,9,소
26,54077,오리온   ,요리식품,0,0,0,0,0,0,0,0,0,1,0,0,0,0,0,0,0,타 대외활동 경험,0,0,0,0,0,0,0,0,0,1,0,0,0,9,소
27,54078,The Psychology Times   ,언론미디어,0,0,0,0,0,0,0,1,0,0,0,0,0,0,0,0,0,"취재/인터뷰/기사 경험, 콘텐츠 기획/제작 경험, 타 대외활동 경험",0,0,0,0,0,0,1,0,1,1,0,0,0,99,중
28,54080,바람의아이들 출판사,경영컨설팅마케팅,1,0,0,0,0,0,0,0,0,0,0,0,0,0,0,0,0,파워블로거/SNS,0,0,0,0,0,0,0,0,0,0,1,0,0,9,소
29,54083,경도,경영컨설팅마케팅,1,0,0,0,0,0,0,0,0,0,0,0,0,0,0,0,0,모두 지원 가능,0,0,1,0,0,0,0,0,0,0,0,0,0,70,중
30,54085,보험닷컴,경영컨설팅마케팅,1,0,0,0,0,0,0,0,0,0,0,0,0,0,0,0,0,모두 지원 가능,0,0,1,0,0,0,0,0,0,0,0,0,0,20,소
31,54088,금강유역환경청,경영컨설팅마케팅,1,0,0,0,0,0,0,0,0,0,0,0,0,0,0,0,0,모두 지원 가능,0,0,1,0,0,0,0,0,0,0,0,0,0,20,소
32,54090,삼성전자,경영컨설팅마케팅,1,0,0,0,0,0,0,0,0,0,0,0,0,0,0,0,0,모두 지원 가능,0,0,1,0,0,0,0,0,0,0,0,0,0,30,중
33,54092,한국선거방송,정치사회법률,0,0,0,0,0,0,0,0,0,0,0,1,0,0,0,0,0,우대역량_기타,0,0,0,0,0,1,0,0,0,0,0,0,0,99,중
34,54096,스포트라이트,콘텐츠,0,0,0,0,0,0,0,0,0,0,0,0,0,0,0,0,1,모두 지원 가능,0,0,1,0,0,0,0,0,0,0,0,0,0,9,소
35,54101,(주)애드플래닛커뮤니케이션,경영컨설팅마케팅,1,0,0,0,0,0,0,0,0,0,0,0,0,0,0,0,0,파워블로거/SNS,0,0,0,0,0,0,0,0,0,0,1,0,0,9,소
36,54106,KYPA한국청소년진흥협   ,언론미디어,0,0,0,0,0,0,0,1,0,0,0,0,0,0,0,0,0,"파워블로거/SNS, 사진/영상/디자인 툴, 타 대외활동 경험",0,0,0,1,0,0,0,0,0,1,1,0,0,8,소
37,54109,주식회사 딜리버리랩   ,경영컨설팅마케팅,1,0,0,0,0,0,0,0,0,0,0,0,0,0,0,0,0,"파워블로거/SNS, 콘텐츠 기획/제작 경험, 타 대외활동 경험",0,0,0,0,0,0,0,0,1,1,1,0,0,9,소
38,54120,kmac   ,문화역사,0,0,0,0,1,0,0,0,0,0,0,0,0,0,0,0,0,"파워블로거/SNS, 외국어, 휴학 중/시간 투자 가능",0,0,0,0,1,0,0,0,0,0,1,0,1,9,소
39,54121,천연충현도시재생지원센터   ,사회공헌교류,0,0,0,0,0,0,1,0,0,0,0,0,0,0,0,0,0,리더십,1,0,0,0,0,0,0,0,0,0,0,0,0,99,중
40,54122,부산노동권익센터   ,교육,0,0,0,1,0,0,0,0,0,0,0,0,0,0,0,0,0,"파워블로거/SNS, 사진/영상/디자인 툴, 취재/인터뷰/기사 경험, 콘텐츠 기획/제작 경험, 타 대외활동 경험",0,0,0,1,0,0,1,0,1,1,1,0,0,32,중
41,54125,더인   ,교육,0,0,0,1,0,0,0,0,0,0,0,0,0,0,0,0,0,우대역량_기타,0,0,0,0,0,1,0,0,0,0,0,0,0,25,중
42,54126,판타지오   ,문화역사,0,0,0,0,1,0,0,0,0,0,0,0,0,0,0,0,0,"파워블로거/SNS, 콘텐츠 기획/제작 경험, 휴학 중/시간 투자 가능",0,0,0,0,0,0,0,0,1,0,1,0,1,2,소
43,54127,에듀윌,요리식품,0,0,0,0,0,0,0,0,0,1,0,0,0,0,0,0,0,모두 지원 가능,0,0,1,0,0,0,0,0,0,0,0,0,0,99,중
44,54128,서울/부산   ,의료보건,0,0,0,0,0,0,0,0,0,0,1,0,0,0,0,0,0,파워블로거/SNS,0,0,0,0,0,0,0,0,0,0,1,0,0,99,중
45,54132,TREEPLE RAB   ,뷰티미용화장품,0,0,0,0,0,1,0,0,0,0,0,0,0,0,0,0,0,"파워블로거/SNS, 사진/영상/디자인 툴, 취재/인터뷰/기사 경험, 콘텐츠 기획/제작 경험, 리더십, 휴학 중/시간 투자 가능, 타 대외활동 경험, 행사 기획 경험",1,0,0,1,0,0,1,0,1,1,1,1,1,99,중
46,54134,루트임팩트   ,경영컨설팅마케팅,1,0,0,0,0,0,0,0,0,0,0,0,0,0,0,0,0,모두 지원 가능,0,0,1,0,0,0,0,0,0,0,0,0,0,10,소
48,54137,루트임팩트   ,경영컨설팅마케팅,1,0,0,0,0,0,0,0,0,0,0,0,0,0,0,0,0,모두 지원 가능,0,0,1,0,0,0,0,0,0,0,0,0,0,10,소
49,54145,제일펫푸드   ,콘텐츠,0,0,0,0,0,0,0,0,0,0,0,0,0,0,0,0,1,"파워블로거/SNS, 사진/영상/디자인 툴, 취재/인터뷰/기사 경험, 콘텐츠 기획/제작 경험, 휴학 중/시간 투자 가능, 행사 기획 경험",0,0,0,1,0,0,1,0,1,0,1,1,1,99,중
50,54147,인천서구시설관리공단 검단청소년센터   ,교육,0,0,0,1,0,0,0,0,0,0,0,0,0,0,0,0,0,"사진/영상/디자인 툴, 멘토링/수업 진행 경험",0,1,0,1,0,0,0,0,0,0,0,0,0,10,소
51,54149,공블   ,교육,0,0,0,1,0,0,0,0,0,0,0,0,0,0,0,0,0,"멘토링/수업 진행 경험, 콘텐츠 기획/제작 경험, 타 대외활동 경험",0,1,0,0,0,0,0,0,1,1,0,0,0,99,중
52,54153,제이준,경영컨설팅마케팅,1,0,0,0,0,0,0,0,0,0,0,0,0,0,0,0,0,"파워블로거/SNS, 사진/영상/디자인 툴",0,0,0,1,0,0,0,0,0,0,1,0,0,9,소
53,54154,금정구,경영컨설팅마케팅,1,0,0,0,0,0,0,0,0,0,0,0,0,0,0,0,0,모두 지원 가능,0,0,1,0,0,0,0,0,0,0,0,0,0,8,소
54,54155,올댓캠퍼스   ,디자인사진예술영상,0,0,0,0,0,0,0,0,0,0,0,0,0,0,0,0,1,"파워블로거/SNS, 사진/영상/디자인 툴, 콘텐츠 기획/제작 경험, 타 대외활동 경험",0,0,0,1,0,0,0,0,1,1,1,0,0,30,중
55,54156,더불어민주당 구로구(갑)대학생위원회,정치사회법률,0,0,0,0,0,0,0,0,0,0,0,1,0,0,0,0,0,모두 지원 가능,0,0,1,0,0,0,0,0,0,0,0,0,0,9,소
56,54157,시그니피컨트,경영컨설팅마케팅,1,0,0,0,0,0,0,0,0,0,0,0,0,0,0,0,0,모두 지원 가능,0,0,1,0,0,0,0,0,0,0,0,0,0,9,소
57,54158,디스트나인,경영컨설팅마케팅,1,0,0,0,0,0,0,0,0,0,0,0,0,0,0,0,0,모두 지원 가능,0,0,1,0,0,0,0,0,0,0,0,0,0,9,소
58,54159,펜듈럼,경영컨설팅마케팅,1,0,0,0,0,0,0,0,0,0,0,0,0,0,0,0,0,모두 지원 가능,0,0,1,0,0,0,0,0,0,0,0,0,0,9,소
59,54161,외교부,경영컨설팅마케팅,1,0,0,0,0,0,0,0,0,0,0,0,0,0,0,0,0,사진/영상/디자인 툴,0,0,0,1,0,0,0,0,0,0,0,0,0,410,대
60,54163,국제청소년연합 울산지부,기타,0,0,0,0,0,0,0,0,0,0,0,0,0,0,0,1,0,모두 지원 가능,0,0,1,0,0,0,0,0,0,0,0,0,0,9,소
61,54164,JA Korea,경영컨설팅마케팅,1,0,0,0,0,0,0,0,0,0,0,0,0,0,0,0,0,모두 지원 가능,0,0,1,0,0,0,0,0,0,0,0,0,0,9,소
62,54165,신세계TV쇼핑,디자인사진예술영상,0,0,0,0,0,0,0,0,0,0,0,0,0,0,0,0,1,모두 지원 가능,0,0,1,0,0,0,0,0,0,0,0,0,0,9,소
63,54167,어드비,기타,0,0,0,0,0,0,0,0,0,0,0,0,0,0,0,1,0,모두 지원 가능,0,0,1,0,0,0,0,0,0,0,0,0,0,10,소
64,54168,한국사회공헌협회   ,사회공헌교류,0,0,0,0,0,0,1,0,0,0,0,0,0,0,0,0,0,우대역량_기타,0,0,0,0,0,1,0,0,0,0,0,0,0,99,중
65,54172,오픈놀,언론미디어,0,0,0,0,0,0,0,1,0,0,0,0,0,0,0,0,0,모두 지원 가능,0,0,1,0,0,0,0,0,0,0,0,0,0,99,중
66,54174,TurnChat   ,교육,0,0,0,1,0,0,0,0,0,0,0,0,0,0,0,0,0,"사진/영상/디자인 툴, 콘텐츠 기획/제작 경험, 외국어, 휴학 중/시간 투자 가능, 타 대외활동 경험",0,0,0,1,1,0,0,0,1,1,0,0,1,60,중
67,54177,골든트리투자자문   ,경제금융,0,1,0,0,0,0,0,0,0,0,0,0,0,0,0,0,0,모두 지원 가능,0,0,1,0,0,0,0,0,0,0,0,0,0,99,중
68,54181,제이씨코리아 주식회사   ,디자인사진예술영상,0,0,0,0,0,0,0,0,0,0,0,0,0,0,0,0,1,"파워블로거/SNS, 사진/영상/디자인 툴, 콘텐츠 기획/제작 경험, 휴학 중/시간 투자 가능, 타 대외활동 경험",0,0,0,1,0,0,0,0,1,1,1,0,1,30,중
69,54185,대한민국 대학생 교육부단 서울권본부   ,교육,0,0,0,1,0,0,0,0,0,0,0,0,0,0,0,0,0,모두 지원 가능,0,0,1,0,0,0,0,0,0,0,0,0,0,99,중
70,54222,한국경제신문 JOB아라   ,언론미디어,0,0,0,0,0,0,0,1,0,0,0,0,0,0,0,0,0,모두 지원 가능,0,0,1,0,0,0,0,0,0,0,0,0,0,9,소
71,54227,아시아경제공동체재단   ,경제금융,0,1,0,0,0,0,0,0,0,0,0,0,0,0,0,0,0,"사진/영상/디자인 툴, 콘텐츠 기획/제작 경험, 외국어, 타 대외활동 경험, 행사 기획 경험",0,0,0,1,1,0,0,0,1,1,0,1,0,12,소
72,54229,부산문화재단   ,문화역사,0,0,0,0,1,0,0,0,0,0,0,0,0,0,0,0,0,"파워블로거/SNS, 사진/영상/디자인 툴, 콘텐츠 기획/제작 경험, 타 대외활동 경험, 행사 기획 경험",0,0,0,1,0,0,0,0,1,1,1,1,0,10,소
73,54233,코딩월드뉴스,과학공학기술IT,0,0,1,0,0,0,0,0,0,0,0,0,0,0,0,0,0,모두 지원 가능,0,0,1,0,0,0,0,0,0,0,0,0,0,9,소
74,54236,굿네이버스 부산동부지부   ,사회공헌교류,0,0,0,0,0,0,1,0,0,0,0,0,0,0,0,0,0,"사진/영상/디자인 툴, 멘토링/수업 진행 경험, 콘텐츠 기획/제작 경험, 휴학 중/시간 투자 가능, 행사 기획 경험",0,1,0,1,0,0,0,0,1,0,0,1,1,99,중
75,54237,복합금융컨설팅   ,경제금융,0,1,0,0,0,0,0,0,0,0,0,0,0,0,0,0,0,모두 지원 가능,0,0,1,0,0,0,0,0,0,0,0,0,0,20,소
76,54241,목포시,경영컨설팅마케팅,1,0,0,0,0,0,0,0,0,0,0,0,0,0,0,0,0,파워블로거/SNS,0,0,0,0,0,0,0,0,0,0,1,0,0,30,중
77,54242,순둥이,경영컨설팅마케팅,1,0,0,0,0,0,0,0,0,0,0,0,0,0,0,0,0,모두 지원 가능,0,0,1,0,0,0,0,0,0,0,0,0,0,5,소
78,54245,코딩월드뉴스   ,언론미디어,0,0,0,0,0,0,0,1,0,0,0,0,0,0,0,0,0,"취재/인터뷰/기사 경험, 콘텐츠 기획/제작 경험",0,0,0,0,0,0,1,0,1,0,0,0,0,99,중
79,54246,온누리아이코리아,경영컨설팅마케팅,1,0,0,0,0,0,0,0,0,0,0,0,0,0,0,0,0,파워블로거/SNS,0,0,0,0,0,0,0,0,0,0,1,0,0,9,소
80,54247,반디앤루니스,경영컨설팅마케팅,1,0,0,0,0,0,0,0,0,0,0,0,0,0,0,0,0,모두 지원 가능,0,0,1,0,0,0,0,0,0,0,0,0,0,10,소
81,54248,세종특별자치시,경영컨설팅마케팅,1,0,0,0,0,0,0,0,0,0,0,0,0,0,0,0,0,"사진/영상/디자인 툴, 외국어",0,0,0,1,1,0,0,0,0,0,0,0,0,20,소
82,54250,여성가족부,경영컨설팅마케팅,1,0,0,0,0,0,0,0,0,0,0,0,0,0,0,0,0,모두 지원 가능,0,0,1,0,0,0,0,0,0,0,0,0,0,10,소
83,54251,여성가족부,디자인사진예술영상,0,0,0,0,0,0,0,0,0,0,0,0,0,0,0,0,1,사진/영상/디자인 툴,0,0,0,1,0,0,0,0,0,0,0,0,0,15,소
84,54253,김포시,경영컨설팅마케팅,1,0,0,0,0,0,0,0,0,0,0,0,0,0,0,0,0,사진/영상/디자인 툴,0,0,0,1,0,0,0,0,0,0,0,0,0,99,중
85,54256,진주시,디자인사진예술영상,0,0,0,0,0,0,0,0,0,0,0,0,0,0,0,0,1,사진/영상/디자인 툴,0,0,0,1,0,0,0,0,0,0,0,0,0,9,소
86,54258,노원문화재단   ,문화역사,0,0,0,0,1,0,0,0,0,0,0,0,0,0,0,0,0,"파워블로거/SNS, 취재/인터뷰/기사 경험",0,0,0,0,0,0,1,0,0,0,1,0,0,3,소
87,54259,덴티스테,경영컨설팅마케팅,1,0,0,0,0,0,0,0,0,0,0,0,0,0,0,0,0,파워블로거/SNS,0,0,0,0,0,0,0,0,0,0,1,0,0,20,소
88,54261,한국전안전공사,과학공학기술IT,0,0,1,0,0,0,0,0,0,0,0,0,0,0,0,0,0,사진/영상/디자인 툴,0,0,0,1,0,0,0,0,0,0,0,0,0,20,소
89,54266,VRAR연구소,과학공학기술IT,0,0,1,0,0,0,0,0,0,0,0,0,0,0,0,0,0,모두 지원 가능,0,0,1,0,0,0,0,0,0,0,0,0,0,9,소
90,54272,아프리카아시아난민교육후원회,기타,0,0,0,0,0,0,0,0,0,0,0,0,0,0,0,1,0,모두 지원 가능,0,0,1,0,0,0,0,0,0,0,0,0,0,99,중
91,54274,YES,기타,0,0,0,0,0,0,0,0,0,0,0,0,0,0,0,1,0,모두 지원 가능,0,0,1,0,0,0,0,0,0,0,0,0,0,9,소
92,54277,한국법무보호복지공단,정치사회법률,0,0,0,0,0,0,0,0,0,0,0,1,0,0,0,0,0,모두 지원 가능,0,0,1,0,0,0,0,0,0,0,0,0,0,99,중
93,54285,오픈놀,경영컨설팅마케팅,1,0,0,0,0,0,0,0,0,0,0,0,0,0,0,0,0,모두 지원 가능,0,0,1,0,0,0,0,0,0,0,0,0,0,99,중
94,54288,진로멘토링플랫폼 파로,교육,0,0,0,1,0,0,0,0,0,0,0,0,0,0,0,0,0,멘토링/수업 진행 경험,0,1,0,0,0,0,0,0,0,0,0,0,0,9,소
95,54289,경도 물산업지원센터(경희대학교 산학협력단)   ,교육,0,0,0,1,0,0,0,0,0,0,0,0,0,0,0,0,0,모두 지원 가능,0,0,1,0,0,0,0,0,0,0,0,0,0,99,중
96,54291,오픈놀,창업자기계발,0,0,0,0,0,0,0,0,0,0,0,0,1,0,0,0,0,모두 지원 가능,0,0,1,0,0,0,0,0,0,0,0,0,0,99,중
97,54294,스마트미디어인재개발원   ,과학공학기술IT,0,0,1,0,0,0,0,0,0,0,0,0,0,0,0,0,0,컴퓨터 활용능력,0,0,0,0,0,0,0,1,0,0,0,0,0,99,중
98,54313,수원시청소년재단 천천청소년문화의집,교육,0,0,0,1,0,0,0,0,0,0,0,0,0,0,0,0,0,모두 지원 가능,0,0,1,0,0,0,0,0,0,0,0,0,0,20,소
99,54314,스마트미디어인재개발원   ,과학공학기술IT,0,0,1,0,0,0,0,0,0,0,0,0,0,0,0,0,0,컴퓨터 활용능력,0,0,0,0,0,0,0,1,0,0,0,0,0,99,중
100,54317,광교노인복지   ,콘텐츠,0,0,0,0,0,0,0,0,0,0,0,0,0,0,0,0,1,"취재/인터뷰/기사 경험, 콘텐츠 기획/제작 경험",0,0,0,0,0,0,1,0,1,0,0,0,0,10,소
101,54318,구립망원청소년문화센터   ,디자인사진예술영상,0,0,0,0,0,0,0,0,0,0,0,0,0,0,0,0,1,"콘텐츠 기획/제작 경험, 타 대외활동 경험",0,0,0,0,0,0,0,0,1,1,0,0,0,15,소
102,54321,퓨어싱크,경영컨설팅마케팅,1,0,0,0,0,0,0,0,0,0,0,0,0,0,0,0,0,모두 지원 가능,0,0,1,0,0,0,0,0,0,0,0,0,0,2,소
103,54322,하림,경영컨설팅마케팅,1,0,0,0,0,0,0,0,0,0,0,0,0,0,0,0,0,모두 지원 가능,0,0,1,0,0,0,0,0,0,0,0,0,0,100,중
104,54325,청주시청소년수련관,문화역사,0,0,0,0,1,0,0,0,0,0,0,0,0,0,0,0,0,모두 지원 가능,0,0,1,0,0,0,0,0,0,0,0,0,0,99,중
105,54326,(주)인트윈,기타,0,0,0,0,0,0,0,0,0,0,0,0,0,0,0,1,0,모두 지원 가능,0,0,1,0,0,0,0,0,0,0,0,0,0,99,중
106,54327,울트라브이,경영컨설팅마케팅,1,0,0,0,0,0,0,0,0,0,0,0,0,0,0,0,0,파워블로거/SNS,0,0,0,0,0,0,0,0,0,0,1,0,0,30,중
107,54328,함양산삼항노화엑스포,경영컨설팅마케팅,1,0,0,0,0,0,0,0,0,0,0,0,0,0,0,0,0,사진/영상/디자인 툴,0,0,0,1,0,0,0,0,0,0,0,0,0,9,소
108,54329,서천군,경영컨설팅마케팅,1,0,0,0,0,0,0,0,0,0,0,0,0,0,0,0,0,파워블로거/SNS,0,0,0,0,0,0,0,0,0,0,1,0,0,20,소
109,54330,해태제과,경영컨설팅마케팅,1,0,0,0,0,0,0,0,0,0,0,0,0,0,0,0,0,모두 지원 가능,0,0,1,0,0,0,0,0,0,0,0,0,0,30,중
110,54331,진주시,경영컨설팅마케팅,1,0,0,0,0,0,0,0,0,0,0,0,0,0,0,0,0,모두 지원 가능,0,0,1,0,0,0,0,0,0,0,0,0,0,100,중
111,54338,한국소비자원,경영컨설팅마케팅,1,0,0,0,0,0,0,0,0,0,0,0,0,0,0,0,0,모두 지원 가능,0,0,1,0,0,0,0,0,0,0,0,0,0,90,중
112,54340,bytedance,디자인사진예술영상,0,0,0,0,0,0,0,0,0,0,0,0,0,0,0,0,1,모두 지원 가능,0,0,1,0,0,0,0,0,0,0,0,0,0,9,소
113,54360,인천시,디자인사진예술영상,0,0,0,0,0,0,0,0,0,0,0,0,0,0,0,0,1,모두 지원 가능,0,0,1,0,0,0,0,0,0,0,0,0,0,15,소
114,54361,공모전사무국   ,기타,0,0,0,0,0,0,0,0,0,0,0,0,0,0,0,1,0,우대역량_기타,0,0,0,0,0,1,0,0,0,0,0,0,0,9,소
115,54363,클린도시사업소,정치사회법률,0,0,0,0,0,0,0,0,0,0,0,1,0,0,0,0,0,우대역량_기타,0,0,0,0,0,1,0,0,0,0,0,0,0,20,소
116,54364,(사)한국프로축구선수협회   ,디자인사진예술영상,0,0,0,0,0,0,0,0,0,0,0,0,0,0,0,0,1,"파워블로거/SNS, 사진/영상/디자인 툴, 취재/인터뷰/기사 경험, 콘텐츠 기획/제작 경험, 외국어, 타 대외활동 경험",0,0,0,1,1,0,1,0,1,1,1,0,0,99,중
117,54374,오픈놀,경영컨설팅마케팅,1,0,0,0,0,0,0,0,0,0,0,0,0,0,0,0,0,모두 지원 가능,0,0,1,0,0,0,0,0,0,0,0,0,0,99,중
118,54375,서서울생명의전화   ,교육,0,0,0,1,0,0,0,0,0,0,0,0,0,0,0,0,0,모두 지원 가능,0,0,1,0,0,0,0,0,0,0,0,0,0,9,소
119,54377,수도권대환경청,환경에너지,0,0,0,0,0,0,0,0,0,0,0,0,0,0,1,0,0,모두 지원 가능,0,0,1,0,0,0,0,0,0,0,0,0,0,15,소
120,54383,도봉교육복지센터   ,교육,0,0,0,1,0,0,0,0,0,0,0,0,0,0,0,0,0,"멘토링/수업 진행 경험, 외국어, 리더십, 휴학 중/시간 투자 가능",1,1,0,0,1,0,0,0,0,0,0,0,1,99,중
121,54390,어울리(EOULLI)   ,언론미디어,0,0,0,0,0,0,0,1,0,0,0,0,0,0,0,0,0,우대역량_기타,0,0,0,0,0,1,0,0,0,0,0,0,0,20,소
122,54391,어울리(EOULLI)   ,언론미디어,0,0,0,0,0,0,0,1,0,0,0,0,0,0,0,0,0,우대역량_기타,0,0,0,0,0,1,0,0,0,0,0,0,0,20,소
123,54400,문화체육관광부,경영컨설팅마케팅,1,0,0,0,0,0,0,0,0,0,0,0,0,0,0,0,0,모두 지원 가능,0,0,1,0,0,0,0,0,0,0,0,0,0,5,소
124,54401,한국지역난방공사,경영컨설팅마케팅,1,0,0,0,0,0,0,0,0,0,0,0,0,0,0,0,0,모두 지원 가능,0,0,1,0,0,0,0,0,0,0,0,0,0,20,소
125,54404,ICISTS KAIST,행사페스티벌,0,0,0,0,0,0,0,0,0,0,0,0,0,1,0,0,0,우대역량_기타,0,0,0,0,0,1,0,0,0,0,0,0,0,9,소
126,54405,한국법무보호복지공단인천지부   ,교육,0,0,0,1,0,0,0,0,0,0,0,0,0,0,0,0,0,"사진/영상/디자인 툴, 콘텐츠 기획/제작 경험, 휴학 중/시간 투자 가능",0,0,0,1,0,0,0,0,1,0,0,0,1,99,중
127,54408,우먼센스,경영컨설팅마케팅,1,0,0,0,0,0,0,0,0,0,0,0,0,0,0,0,0,모두 지원 가능,0,0,1,0,0,0,0,0,0,0,0,0,0,9,소
128,54409,아주대업지원센터   ,과학공학기술IT,0,0,1,0,0,0,0,0,0,0,0,0,0,0,0,0,0,우대역량_기타,0,0,0,0,0,1,0,0,0,0,0,0,0,99,중
129,54410,정왕어울림청소년문화의집   ,행사페스티벌,0,0,0,0,0,0,0,0,0,0,0,0,0,1,0,0,0,"사진/영상/디자인 툴, 멘토링/수업 진행 경험, 콘텐츠 기획/제작 경험, 리더십, 타 대외활동 경험, 행사 기획 경험",1,1,0,1,0,0,0,0,1,1,0,1,0,99,중
130,54411,서서울생명의전화   ,의료보건,0,0,0,0,0,0,0,0,0,0,1,0,0,0,0,0,0,휴학 중/시간 투자 가능,0,0,0,0,0,0,0,0,0,0,0,0,1,20,소
131,54412,슈나이더일렉트릭코리아,과학공학기술IT,0,0,1,0,0,0,0,0,0,0,0,0,0,0,0,0,0,모두 지원 가능,0,0,1,0,0,0,0,0,0,0,0,0,0,99,중
132,54413,사회적협동조합 한강,환경에너지,0,0,0,0,0,0,0,0,0,0,0,0,0,0,1,0,0,모두 지원 가능,0,0,1,0,0,0,0,0,0,0,0,0,0,30,중
133,54418,대한민국 대학생 교육부단 부산권본부,교육,0,0,0,1,0,0,0,0,0,0,0,0,0,0,0,0,0,모두 지원 가능,0,0,1,0,0,0,0,0,0,0,0,0,0,99,중
134,54420,동아일보,경영컨설팅마케팅,1,0,0,0,0,0,0,0,0,0,0,0,0,0,0,0,0,사진/영상/디자인 툴,0,0,0,1,0,0,0,0,0,0,0,0,0,100,중
135,54425,서초구,정치사회법률,0,0,0,0,0,0,0,0,0,0,0,1,0,0,0,0,0,모두 지원 가능,0,0,1,0,0,0,0,0,0,0,0,0,0,50,중
136,54429,시립문래청소년센터,교육,0,0,0,1,0,0,0,0,0,0,0,0,0,0,0,0,0,모두 지원 가능,0,0,1,0,0,0,0,0,0,0,0,0,0,4,소
137,54431,거창군,경영컨설팅마케팅,1,0,0,0,0,0,0,0,0,0,0,0,0,0,0,0,0,"파워블로거/SNS, 사진/영상/디자인 툴",0,0,0,1,0,0,0,0,0,0,1,0,0,60,중
138,54433,EBSi,교육,0,0,0,1,0,0,0,0,0,0,0,0,0,0,0,0,0,사진/영상/디자인 툴,0,0,0,1,0,0,0,0,0,0,0,0,0,15,소
139,54434,웨딩해,콘텐츠,0,0,0,0,0,0,0,0,0,0,0,0,0,0,0,0,1,모두 지원 가능,0,0,1,0,0,0,0,0,0,0,0,0,0,15,소
140,54436,몬트라움,경영컨설팅마케팅,1,0,0,0,0,0,0,0,0,0,0,0,0,0,0,0,0,모두 지원 가능,0,0,1,0,0,0,0,0,0,0,0,0,0,9,소
141,54438,(주)디자인부산,경영컨설팅마케팅,1,0,0,0,0,0,0,0,0,0,0,0,0,0,0,0,0,파워블로거/SNS,0,0,0,0,0,0,0,0,0,0,1,0,0,15,소
142,54439,(주)파켓,경영컨설팅마케팅,1,0,0,0,0,0,0,0,0,0,0,0,0,0,0,0,0,파워블로거/SNS,0,0,0,0,0,0,0,0,0,0,1,0,0,30,중
143,54440,(사)한국임상CRO협회   ,의료보건,0,0,0,0,0,0,0,0,0,0,1,0,0,0,0,0,0,"컴퓨터 활용능력, 외국어",0,0,0,0,1,0,0,1,0,0,0,0,0,99,중
144,54442,조이랜드 잉글리시라운지   ,창업자기계발,0,0,0,0,0,0,0,0,0,0,0,0,1,0,0,0,0,"콘텐츠 기획/제작 경험, 휴학 중/시간 투자 가능",0,0,0,0,0,0,0,0,1,0,0,0,1,8,소
145,54446,재단법인 홍합밸리   ,교육,0,0,0,1,0,0,0,0,0,0,0,0,0,0,0,0,0,우대역량_기타,0,0,0,0,0,1,0,0,0,0,0,0,0,100,중
146,54451,서울특별용산구치매안심센터   ,의료보건,0,0,0,0,0,0,0,0,0,0,1,0,0,0,0,0,0,모두 지원 가능,0,0,1,0,0,0,0,0,0,0,0,0,0,99,중
147,54460,서울특별용산구치매안심센터   ,의료보건,0,0,0,0,0,0,0,0,0,0,1,0,0,0,0,0,0,"파워블로거/SNS, 사진/영상/디자인 툴, 콘텐츠 기획/제작 경험, 컴퓨터 활용능력",0,0,0,1,0,0,0,1,1,0,1,0,0,99,중
148,54470,서대문구청소년상담복지센터,교육,0,0,0,1,0,0,0,0,0,0,0,0,0,0,0,0,0,모두 지원 가능,0,0,1,0,0,0,0,0,0,0,0,0,0,9,소
149,54473,한국청소년진흥협회,사회공헌교류,0,0,0,0,0,0,1,0,0,0,0,0,0,0,0,0,0,모두 지원 가능,0,0,1,0,0,0,0,0,0,0,0,0,0,99,중
150,54474,(주)엠에이피컴퍼니   ,뷰티미용화장품,0,0,0,0,0,1,0,0,0,0,0,0,0,0,0,0,0,"파워블로거/SNS, 타 대외활동 경험",0,0,0,0,0,0,0,0,0,1,1,0,0,10,소
151,54475,KB금융그룹,경제금융,0,1,0,0,0,0,0,0,0,0,0,0,0,0,0,0,0,모두 지원 가능,0,0,1,0,0,0,0,0,0,0,0,0,0,130,대
152,54476,레드브릭스   ,뷰티미용화장품,0,0,0,0,0,1,0,0,0,0,0,0,0,0,0,0,0,모두 지원 가능,0,0,1,0,0,0,0,0,0,0,0,0,0,3,소
153,54478,텐덤   ,교육,0,0,0,1,0,0,0,0,0,0,0,0,0,0,0,0,0,우대역량_기타,0,0,0,0,0,1,0,0,0,0,0,0,0,99,중
154,54479,의:정원   ,정치사회법률,0,0,0,0,0,0,0,0,0,0,0,1,0,0,0,0,0,"콘텐츠 기획/제작 경험, 휴학 중/시간 투자 가능, 타 대외활동 경험",0,0,0,0,0,0,0,0,1,1,0,0,1,99,중
155,54480,청년 청소년 NGO 안아주세요   ,행사페스티벌,0,0,0,0,0,0,0,0,0,0,0,0,0,1,0,0,0,"사진/영상/디자인 툴, 휴학 중/시간 투자 가능, 타 대외활동 경험, 행사 기획 경험",0,0,0,1,0,0,0,0,0,1,0,1,1,12,소
156,54481,핑퐁주식회사   ,경영컨설팅마케팅,1,0,0,0,0,0,0,0,0,0,0,0,0,0,0,0,0,"파워블로거/SNS, 콘텐츠 기획/제작 경험, 타 대외활동 경험",0,0,0,0,0,0,0,0,1,1,1,0,0,12,소
157,54485,"MSC(Marine Stewardship Council, 해양관리협의회)",환경에너지,0,0,0,0,0,0,0,0,0,0,0,0,0,0,1,0,0,모두 지원 가능,0,0,1,0,0,0,0,0,0,0,0,0,0,9,소
158,54486,서대문구청소년상담복지센터,행사페스티벌,0,0,0,0,0,0,0,0,0,0,0,0,0,1,0,0,0,"사진/영상/디자인 툴, 멘토링/수업 진행 경험, 휴학 중/시간 투자 가능, 타 대외활동 경험, 행사 기획 경험",0,1,0,1,0,0,0,0,0,1,0,1,1,99,중
159,54487,대한민국역사박물관,문화역사,0,0,0,0,1,0,0,0,0,0,0,0,0,0,0,0,0,모두 지원 가능,0,0,1,0,0,0,0,0,0,0,0,0,0,20,소
160,54488,(주)무학,경영컨설팅마케팅,1,0,0,0,0,0,0,0,0,0,0,0,0,0,0,0,0,모두 지원 가능,0,0,1,0,0,0,0,0,0,0,0,0,0,49,중
161,54489,벙커버스터,경영컨설팅마케팅,1,0,0,0,0,0,0,0,0,0,0,0,0,0,0,0,0,모두 지원 가능,0,0,1,0,0,0,0,0,0,0,0,0,0,9,소
162,54490,시민청,정치사회법률,0,0,0,0,0,0,0,0,0,0,0,1,0,0,0,0,0,사진/영상/디자인 툴,0,0,0,1,0,0,0,0,0,0,0,0,0,8,소
163,54493,스포트라이트,콘텐츠,0,0,0,0,0,0,0,0,0,0,0,0,0,0,0,0,1,모두 지원 가능,0,0,1,0,0,0,0,0,0,0,0,0,0,99,중
164,54494,모멘트미,경영컨설팅마케팅,1,0,0,0,0,0,0,0,0,0,0,0,0,0,0,0,0,모두 지원 가능,0,0,1,0,0,0,0,0,0,0,0,0,0,10,소
165,54495,고양문화재단,디자인사진예술영상,0,0,0,0,0,0,0,0,0,0,0,0,0,0,0,0,1,파워블로거/SNS,0,0,0,0,0,0,0,0,0,0,1,0,0,14,소
166,54508,동암야간학교,교육,0,0,0,1,0,0,0,0,0,0,0,0,0,0,0,0,0,모두 지원 가능,0,0,1,0,0,0,0,0,0,0,0,0,0,9,소
167,54510,컴포트,디자인사진예술영상,0,0,0,0,0,0,0,0,0,0,0,0,0,0,0,0,1,모두 지원 가능,0,0,1,0,0,0,0,0,0,0,0,0,0,99,중
168,54528,한국교통안전공단 부산본부   ,언론미디어,0,0,0,0,0,0,0,1,0,0,0,0,0,0,0,0,0,"사진/영상/디자인 툴, 취재/인터뷰/기사 경험, 컴퓨터 활용능력, 타 대외활동 경험",0,0,0,1,0,0,1,1,0,1,0,0,0,99,중
169,54529,커핏   ,요리식품,0,0,0,0,0,0,0,0,0,1,0,0,0,0,0,0,0,"파워블로거/SNS, 사진/영상/디자인 툴, 콘텐츠 기획/제작 경험, 타 대외활동 경험",0,0,0,1,0,0,0,0,1,1,1,0,0,99,중
170,54530,청년과미래   ,정치사회법률,0,0,0,0,0,0,0,0,0,0,0,1,0,0,0,0,0,타 대외활동 경험,0,0,0,0,0,0,0,0,0,1,0,0,0,99,중
171,54531,뮨   ,의료보건,0,0,0,0,0,0,0,0,0,0,1,0,0,0,0,0,0,파워블로거/SNS,0,0,0,0,0,0,0,0,0,0,1,0,0,99,중
172,54544,사단법인 한국미디어교육진흥원 대학생사무국   ,콘텐츠,0,0,0,0,0,0,0,0,0,0,0,0,0,0,0,0,1,"사진/영상/디자인 툴, 컴퓨터 활용능력",0,0,0,1,0,0,0,1,0,0,0,0,0,20,소
173,54545,안양청년네트워크   ,교육,0,0,0,1,0,0,0,0,0,0,0,0,0,0,0,0,0,모두 지원 가능,0,0,1,0,0,0,0,0,0,0,0,0,0,22,중
174,54546,키뮤스튜디오   ,디자인사진예술영상,0,0,0,0,0,0,0,0,0,0,0,0,0,0,0,0,1,"파워블로거/SNS, 사진/영상/디자인 툴, 콘텐츠 기획/제작 경험, 타 대외활동 경험",0,0,0,1,0,0,0,0,1,1,1,0,0,10,소
175,54550,CSR 청년 협의체 CYI   ,사회공헌교류,0,0,0,0,0,0,1,0,0,0,0,0,0,0,0,0,0,"사진/영상/디자인 툴, 콘텐츠 기획/제작 경험, 컴퓨터 활용능력, 리더십, 타 대외활동 경험, 행사 기획 경험",1,0,0,1,0,0,0,1,1,1,0,1,0,99,중
176,54552,패션프루트   ,언론미디어,0,0,0,0,0,0,0,1,0,0,0,0,0,0,0,0,0,"사진/영상/디자인 툴, 콘텐츠 기획/제작 경험, 컴퓨터 활용능력, 타 대외활동 경험",0,0,0,1,0,0,0,1,1,1,0,0,0,1,소
177,54553,패션프루트   ,경영컨설팅마케팅,1,0,0,0,0,0,0,0,0,0,0,0,0,0,0,0,0,"컴퓨터 활용능력, 리더십, 타 대외활동 경험",1,0,0,0,0,0,0,1,0,1,0,0,0,9,소
178,54554,성모의 집 공부방 지역아동센터   ,교육,0,0,0,1,0,0,0,0,0,0,0,0,0,0,0,0,0,멘토링/수업 진행 경험,0,1,0,0,0,0,0,0,0,0,0,0,0,9,소
179,54556,이차어때   ,과학공학기술IT,0,0,1,0,0,0,0,0,0,0,0,0,0,0,0,0,0,콘텐츠 기획/제작 경험,0,0,0,0,0,0,0,0,1,0,0,0,0,30,중
180,54561,조승래의원실   ,정치사회법률,0,0,0,0,0,0,0,0,0,0,0,1,0,0,0,0,0,모두 지원 가능,0,0,1,0,0,0,0,0,0,0,0,0,0,99,중
181,54563,한국정보산업연합회,교육,0,0,0,1,0,0,0,0,0,0,0,0,0,0,0,0,0,모두 지원 가능,0,0,1,0,0,0,0,0,0,0,0,0,0,9,소
182,54567,주식회사 벤튼   ,경영컨설팅마케팅,1,0,0,0,0,0,0,0,0,0,0,0,0,0,0,0,0,"파워블로거/SNS, 사진/영상/디자인 툴, 콘텐츠 기획/제작 경험, 타 대외활동 경험",0,0,0,1,0,0,0,0,1,1,1,0,0,20,소
183,54573,스피큘엑스,경영컨설팅마케팅,1,0,0,0,0,0,0,0,0,0,0,0,0,0,0,0,0,모두 지원 가능,0,0,1,0,0,0,0,0,0,0,0,0,0,20,소
184,54575,풀무원건강생활,경영컨설팅마케팅,1,0,0,0,0,0,0,0,0,0,0,0,0,0,0,0,0,모두 지원 가능,0,0,1,0,0,0,0,0,0,0,0,0,0,9,소
185,54577,모브잇,체육헬스,0,0,0,0,0,0,0,0,0,0,0,0,0,0,0,1,0,모두 지원 가능,0,0,1,0,0,0,0,0,0,0,0,0,0,50,중
186,54579,부산광역시 영도구,경영컨설팅마케팅,1,0,0,0,0,0,0,0,0,0,0,0,0,0,0,0,0,파워블로거/SNS,0,0,0,0,0,0,0,0,0,0,1,0,0,9,소
187,54580,DNA디자인스튜디오,경영컨설팅마케팅,1,0,0,0,0,0,0,0,0,0,0,0,0,0,0,0,0,파워블로거/SNS,0,0,0,0,0,0,0,0,0,0,1,0,0,20,소
188,54584,시흥능곡동청소년문화의집,교육,0,0,0,1,0,0,0,0,0,0,0,0,0,0,0,0,0,모두 지원 가능,0,0,1,0,0,0,0,0,0,0,0,0,0,99,중
189,54586,치이큐브코리아,경영컨설팅마케팅,1,0,0,0,0,0,0,0,0,0,0,0,0,0,0,0,0,파워블로거/SNS,0,0,0,0,0,0,0,0,0,0,1,0,0,99,중
190,54588,제이비즈,경영컨설팅마케팅,1,0,0,0,0,0,0,0,0,0,0,0,0,0,0,0,0,파워블로거/SNS,0,0,0,0,0,0,0,0,0,0,1,0,0,9,소
191,54589,시흥능곡동청소년문화의집,언론미디어,0,0,0,0,0,0,0,1,0,0,0,0,0,0,0,0,0,모두 지원 가능,0,0,1,0,0,0,0,0,0,0,0,0,0,15,소
192,54590,Assez,뷰티미용화장품,0,0,0,0,0,1,0,0,0,0,0,0,0,0,0,0,0,파워블로거/SNS,0,0,0,0,0,0,0,0,0,0,1,0,0,10,소
193,54592,주부산일본총영사관,문화역사,0,0,0,0,1,0,0,0,0,0,0,0,0,0,0,0,0,모두 지원 가능,0,0,1,0,0,0,0,0,0,0,0,0,0,12,소
194,54593,일성콘도&리조트,여행호텔항공,0,0,0,0,0,0,0,0,1,0,0,0,0,0,0,0,0,사진/영상/디자인 툴,0,0,0,1,0,0,0,0,0,0,0,0,0,6,소
195,54597,UN세계평화의날 한국조직위원회,경영컨설팅마케팅,1,0,0,0,0,0,0,0,0,0,0,0,0,0,0,0,0,파워블로거/SNS,0,0,0,0,0,0,0,0,0,0,1,0,0,10,소
196,54599,글로벌호프,콘텐츠,0,0,0,0,0,0,0,0,0,0,0,0,0,0,0,0,1,모두 지원 가능,0,0,1,0,0,0,0,0,0,0,0,0,0,10,소
197,54600,중소업중앙회,경영컨설팅마케팅,1,0,0,0,0,0,0,0,0,0,0,0,0,0,0,0,0,모두 지원 가능,0,0,1,0,0,0,0,0,0,0,0,0,0,9,소
198,54601,하이서울유스호스텔,사회공헌교류,0,0,0,0,0,0,1,0,0,0,0,0,0,0,0,0,0,외국어,0,0,0,0,1,0,0,0,0,0,0,0,0,50,중
199,54603,패션프루트   ,언론미디어,0,0,0,0,0,0,0,1,0,0,0,0,0,0,0,0,0,"사진/영상/디자인 툴, 컴퓨터 활용능력",0,0,0,1,0,0,0,1,0,0,0,0,0,9,소
200,54604,청년과미래   ,정치사회법률,0,0,0,0,0,0,0,0,0,0,0,1,0,0,0,0,0,우대역량_기타,0,0,0,0,0,1,0,0,0,0,0,0,0,99,중
201,54606,SK,경영컨설팅마케팅,1,0,0,0,0,0,0,0,0,0,0,0,0,0,0,0,0,"사진/영상/디자인 툴, 취재/인터뷰/기사 경험",0,0,0,1,0,0,1,0,0,0,0,0,0,99,중
202,54607,TurnChat   ,교육,0,0,0,1,0,0,0,0,0,0,0,0,0,0,0,0,0,외국어,0,0,0,0,1,0,0,0,0,0,0,0,0,1000,대
203,54615,한국MICE협회,교육,0,0,0,1,0,0,0,0,0,0,0,0,0,0,0,0,0,모두 지원 가능,0,0,1,0,0,0,0,0,0,0,0,0,0,9,소
204,54616,인천서구건강가정다문화가족지원센터,사회공헌교류,0,0,0,0,0,0,1,0,0,0,0,0,0,0,0,0,0,멘토링/수업 진행 경험,0,1,0,0,0,0,0,0,0,0,0,0,0,15,소
205,54617,kisdistat 미디어통계포털   ,언론미디어,0,0,0,0,0,0,0,1,0,0,0,0,0,0,0,0,0,"파워블로거/SNS, 사진/영상/디자인 툴, 취재/인터뷰/기사 경험, 콘텐츠 기획/제작 경험, 타 대외활동 경험, 행사 기획 경험",0,0,0,1,0,0,1,0,1,1,1,1,0,99,중
206,54623,(주)복합금융컨설팅   ,경제금융,0,1,0,0,0,0,0,0,0,0,0,0,0,0,0,0,0,모두 지원 가능,0,0,1,0,0,0,0,0,0,0,0,0,0,30,중
207,54632,의:정원   ,정치사회법률,0,0,0,0,0,0,0,0,0,0,0,1,0,0,0,0,0,"콘텐츠 기획/제작 경험, 휴학 중/시간 투자 가능, 타 대외활동 경험",0,0,0,0,0,0,0,0,1,1,0,0,1,99,중
208,54636,글로벌한상드림,교육,0,0,0,1,0,0,0,0,0,0,0,0,0,0,0,0,0,모두 지원 가능,0,0,1,0,0,0,0,0,0,0,0,0,0,5,소
209,54639,계양구건강가정다문화가족지원센터,교육,0,0,0,1,0,0,0,0,0,0,0,0,0,0,0,0,0,멘토링/수업 진행 경험,0,1,0,0,0,0,0,0,0,0,0,0,0,99,중
210,54640,(주)해본사람들,교육,0,0,0,1,0,0,0,0,0,0,0,0,0,0,0,0,0,"멘토링/수업 진행 경험, 컴퓨터 활용능력, 휴학 중/시간 투자 가능",0,1,0,0,0,0,0,1,0,0,0,0,1,6,소
211,54641,공모전사무국   ,기타,0,0,0,0,0,0,0,0,0,0,0,0,0,0,0,1,0,우대역량_기타,0,0,0,0,0,1,0,0,0,0,0,0,0,9,소
212,54644,굿파트너즈   ,콘텐츠,0,0,0,0,0,0,0,0,0,0,0,0,0,0,0,0,1,"파워블로거/SNS, 사진/영상/디자인 툴, 취재/인터뷰/기사 경험, 콘텐츠 기획/제작 경험",0,0,0,1,0,0,1,0,1,0,1,0,0,7,소
213,54645,웅진,경영컨설팅마케팅,1,0,0,0,0,0,0,0,0,0,0,0,0,0,0,0,0,모두 지원 가능,0,0,1,0,0,0,0,0,0,0,0,0,0,40,중
214,54647,서울시립성동청소년센터,교육,0,0,0,1,0,0,0,0,0,0,0,0,0,0,0,0,0,모두 지원 가능,0,0,1,0,0,0,0,0,0,0,0,0,0,15,소
215,54649,광주시,경영컨설팅마케팅,1,0,0,0,0,0,0,0,0,0,0,0,0,0,0,0,0,모두 지원 가능,0,0,1,0,0,0,0,0,0,0,0,0,0,6,소
216,54650,더인   ,교육,0,0,0,1,0,0,0,0,0,0,0,0,0,0,0,0,0,우대역량_기타,0,0,0,0,0,1,0,0,0,0,0,0,0,20,소
217,54653,한국핀테크지원센터,경영컨설팅마케팅,1,0,0,0,0,0,0,0,0,0,0,0,0,0,0,0,0,"사진/영상/디자인 툴, 취재/인터뷰/기사 경험",0,0,0,1,0,0,1,0,0,0,0,0,0,10,소
218,54656,해운대구,경영컨설팅마케팅,1,0,0,0,0,0,0,0,0,0,0,0,0,0,0,0,0,사진/영상/디자인 툴,0,0,0,1,0,0,0,0,0,0,0,0,0,15,소
219,54658,굿네이버스 경남서부지부,사회공헌교류,0,0,0,0,0,0,1,0,0,0,0,0,0,0,0,0,0,모두 지원 가능,0,0,1,0,0,0,0,0,0,0,0,0,0,99,중
220,54662,교보핫트랙스,뷰티미용화장품,0,0,0,0,0,1,0,0,0,0,0,0,0,0,0,0,0,파워블로거/SNS,0,0,0,0,0,0,0,0,0,0,1,0,0,99,중
221,54665,태백시,여행호텔항공,0,0,0,0,0,0,0,0,1,0,0,0,0,0,0,0,0,"사진/영상/디자인 툴, 취재/인터뷰/기사 경험",0,0,0,1,0,0,1,0,0,0,0,0,0,10,소
222,54666,문화재청,문화역사,0,0,0,0,1,0,0,0,0,0,0,0,0,0,0,0,0,"사진/영상/디자인 툴, 취재/인터뷰/기사 경험",0,0,0,1,0,0,1,0,0,0,0,0,0,15,소
223,54667,국가보훈처,정치사회법률,0,0,0,0,0,0,0,0,0,0,0,1,0,0,0,0,0,모두 지원 가능,0,0,1,0,0,0,0,0,0,0,0,0,0,20,소
224,54668,lab,경영컨설팅마케팅,1,0,0,0,0,0,0,0,0,0,0,0,0,0,0,0,0,모두 지원 가능,0,0,1,0,0,0,0,0,0,0,0,0,0,10,소
225,54677,청음복지관,교육,0,0,0,1,0,0,0,0,0,0,0,0,0,0,0,0,0,모두 지원 가능,0,0,1,0,0,0,0,0,0,0,0,0,0,99,중
226,54679,서울시립 하이서울유스호스텔,여행호텔항공,0,0,0,0,0,0,0,0,1,0,0,0,0,0,0,0,0,모두 지원 가능,0,0,1,0,0,0,0,0,0,0,0,0,0,20,소
227,54682,교육부,교육,0,0,0,1,0,0,0,0,0,0,0,0,0,0,0,0,0,사진/영상/디자인 툴,0,0,0,1,0,0,0,0,0,0,0,0,0,99,중
228,54687,(주)리컨벤션,기타,0,0,0,0,0,0,0,0,0,0,0,0,0,0,0,1,0,파워블로거/SNS,0,0,0,0,0,0,0,0,0,0,1,0,0,9,소
229,54694,국립나주숲체원,경영컨설팅마케팅,1,0,0,0,0,0,0,0,0,0,0,0,0,0,0,0,0,모두 지원 가능,0,0,1,0,0,0,0,0,0,0,0,0,0,15,소
230,54703,.M   ,디자인사진예술영상,0,0,0,0,0,0,0,0,0,0,0,0,0,0,0,0,1,사진/영상/디자인 툴,0,0,0,1,0,0,0,0,0,0,0,0,0,30,중
231,54705,동화청과,디자인사진예술영상,0,0,0,0,0,0,0,0,0,0,0,0,0,0,0,0,1,"사진/영상/디자인 툴, 콘텐츠 기획/제작 경험",0,0,0,1,0,0,0,0,1,0,0,0,0,9,소
232,54712,구립잠실청소년센터   ,콘텐츠,0,0,0,0,0,0,0,0,0,0,0,0,0,0,0,0,1,"파워블로거/SNS, 콘텐츠 기획/제작 경험, 타 대외활동 경험",0,0,0,0,0,0,0,0,1,1,1,0,0,20,소
233,54715,한국산림복지진흥원,경영컨설팅마케팅,1,0,0,0,0,0,0,0,0,0,0,0,0,0,0,0,0,모두 지원 가능,0,0,1,0,0,0,0,0,0,0,0,0,0,20,소
234,54719,뷰링   ,디자인사진예술영상,0,0,0,0,0,0,0,0,0,0,0,0,0,0,0,0,1,"파워블로거/SNS, 사진/영상/디자인 툴, 콘텐츠 기획/제작 경험",0,0,0,1,0,0,0,0,1,0,1,0,0,5,소
235,54721,글Ego   ,언론미디어,0,0,0,0,0,0,0,1,0,0,0,0,0,0,0,0,0,우대역량_기타,0,0,0,0,0,1,0,0,0,0,0,0,0,99,중
236,54722,복합금융컨설팅(주)   ,경제금융,0,1,0,0,0,0,0,0,0,0,0,0,0,0,0,0,0,모두 지원 가능,0,0,1,0,0,0,0,0,0,0,0,0,0,99,중
237,54723,서울문화홍보원   ,문화역사,0,0,0,0,1,0,0,0,0,0,0,0,0,0,0,0,0,"사진/영상/디자인 툴, 콘텐츠 기획/제작 경험, 컴퓨터 활용능력, 행사 기획 경험",0,0,0,1,0,0,0,1,1,0,0,1,0,15,소
238,54725,라이징팝스   ,경제금융,0,1,0,0,0,0,0,0,0,0,0,0,0,0,0,0,0,"파워블로거/SNS, 사진/영상/디자인 툴, 취재/인터뷰/기사 경험, 콘텐츠 기획/제작 경험",0,0,0,1,0,0,1,0,1,0,1,0,0,10,소
239,54727,능곡동청소년문화의집,교육,0,0,0,1,0,0,0,0,0,0,0,0,0,0,0,0,0,모두 지원 가능,0,0,1,0,0,0,0,0,0,0,0,0,0,9,소
240,54728,글Ego   ,기타,0,0,0,0,0,0,0,0,0,0,0,0,0,0,0,1,0,우대역량_기타,0,0,0,0,0,1,0,0,0,0,0,0,0,9,소
241,54730,은평구청,교육,0,0,0,1,0,0,0,0,0,0,0,0,0,0,0,0,0,모두 지원 가능,0,0,1,0,0,0,0,0,0,0,0,0,0,15,소
242,54732,국민의힘 평택시갑 대학생위원회,정치사회법률,0,0,0,0,0,0,0,0,0,0,0,1,0,0,0,0,0,모두 지원 가능,0,0,1,0,0,0,0,0,0,0,0,0,0,9,소
243,54733,부산광역시일시청소년쉼터,교육,0,0,0,1,0,0,0,0,0,0,0,0,0,0,0,0,0,모두 지원 가능,0,0,1,0,0,0,0,0,0,0,0,0,0,35,중
244,54734,청소년 자단 '혜윰',언론미디어,0,0,0,0,0,0,0,1,0,0,0,0,0,0,0,0,0,모두 지원 가능,0,0,1,0,0,0,0,0,0,0,0,0,0,9,소
245,54736,랫어릿,경영컨설팅마케팅,1,0,0,0,0,0,0,0,0,0,0,0,0,0,0,0,0,파워블로거/SNS,0,0,0,0,0,0,0,0,0,0,1,0,0,20,소
246,54737,ROH SEOUL,경영컨설팅마케팅,1,0,0,0,0,0,0,0,0,0,0,0,0,0,0,0,0,파워블로거/SNS,0,0,0,0,0,0,0,0,0,0,1,0,0,10,소
247,54740,행정중심복합도시건설청,정치사회법률,0,0,0,0,0,0,0,0,0,0,0,1,0,0,0,0,0,"파워블로거/SNS, 사진/영상/디자인 툴",0,0,0,1,0,0,0,0,0,0,1,0,0,9,소
248,54741,원주지방환경청,정치사회법률,0,0,0,0,0,0,0,0,0,0,0,1,0,0,0,0,0,모두 지원 가능,0,0,1,0,0,0,0,0,0,0,0,0,0,9,소
249,54744,아임닭,경영컨설팅마케팅,1,0,0,0,0,0,0,0,0,0,0,0,0,0,0,0,0,파워블로거/SNS,0,0,0,0,0,0,0,0,0,0,1,0,0,10,소
250,54748,한국수출입은행,경제금융,0,1,0,0,0,0,0,0,0,0,0,0,0,0,0,0,0,모두 지원 가능,0,0,1,0,0,0,0,0,0,0,0,0,0,15,소
251,54750,경찰청,정치사회법률,0,0,0,0,0,0,0,0,0,0,0,1,0,0,0,0,0,사진/영상/디자인 툴,0,0,0,1,0,0,0,0,0,0,0,0,0,9,소
252,54753,(주)연구소업 라라잇츠,경영컨설팅마케팅,1,0,0,0,0,0,0,0,0,0,0,0,0,0,0,0,0,모두 지원 가능,0,0,1,0,0,0,0,0,0,0,0,0,0,9,소
253,54761,사단법인 문화예술봉사단메리   ,문화역사,0,0,0,0,1,0,0,0,0,0,0,0,0,0,0,0,0,"사진/영상/디자인 툴, 콘텐츠 기획/제작 경험",0,0,0,1,0,0,0,0,1,0,0,0,0,99,중
254,54764,의정부시,정치사회법률,0,0,0,0,0,0,0,0,0,0,0,1,0,0,0,0,0,모두 지원 가능,0,0,1,0,0,0,0,0,0,0,0,0,0,10,소
255,54765,사단법인 문화예술봉사단메리   ,문화역사,0,0,0,0,1,0,0,0,0,0,0,0,0,0,0,0,0,모두 지원 가능,0,0,1,0,0,0,0,0,0,0,0,0,0,99,중
256,54766,사단법인 문화예술봉사단메리   ,문화역사,0,0,0,0,1,0,0,0,0,0,0,0,0,0,0,0,0,모두 지원 가능,0,0,1,0,0,0,0,0,0,0,0,0,0,99,중
257,54767,우리간식   ,경영컨설팅마케팅,1,0,0,0,0,0,0,0,0,0,0,0,0,0,0,0,0,"파워블로거/SNS, 콘텐츠 기획/제작 경험, 타 대외활동 경험",0,0,0,0,0,0,0,0,1,1,1,0,0,99,중
258,54772,올댓캠퍼스   ,디자인사진예술영상,0,0,0,0,0,0,0,0,0,0,0,0,0,0,0,0,1,"파워블로거/SNS, 사진/영상/디자인 툴, 취재/인터뷰/기사 경험, 콘텐츠 기획/제작 경험, 휴학 중/시간 투자 가능",0,0,0,1,0,0,1,0,1,0,1,0,1,8,소
259,54775,대구시청소년문화의집 꼼지락발전소,콘텐츠,0,0,0,0,0,0,0,0,0,0,0,0,0,0,0,0,1,타 대외활동 경험,0,0,0,0,0,0,0,0,0,1,0,0,0,20,소
260,54784,부산광역시일시청소년쉼터(고정형)   ,창업자기계발,0,0,0,0,0,0,0,0,0,0,0,0,1,0,0,0,0,"리더십, 휴학 중/시간 투자 가능",1,0,0,0,0,0,0,0,0,0,0,0,1,35,중
261,54799,금산군,행사페스티벌,0,0,0,0,0,0,0,0,0,0,0,0,0,1,0,0,0,모두 지원 가능,0,0,1,0,0,0,0,0,0,0,0,0,0,10,소
262,54801,아시아교류협회,창업자기계발,0,0,0,0,0,0,0,0,0,0,0,0,1,0,0,0,0,외국어,0,0,0,0,1,0,0,0,0,0,0,0,0,15,소
263,54807,MLD 엔터테인먼트   ,언론미디어,0,0,0,0,0,0,0,1,0,0,0,0,0,0,0,0,0,모두 지원 가능,0,0,1,0,0,0,0,0,0,0,0,0,0,30,중
264,54809,시립강북청소년수련관   ,행사페스티벌,0,0,0,0,0,0,0,0,0,0,0,0,0,1,0,0,0,"파워블로거/SNS, 사진/영상/디자인 툴, 취재/인터뷰/기사 경험, 멘토링/수업 진행 경험, 콘텐츠 기획/제작 경험, 컴퓨터 활용능력, 외국어, 리더십, 휴학 중/시간 투자 가능, 타 대외활동 경험, 행사 기획 경험",1,1,0,1,1,0,1,1,1,1,1,1,1,99,중
265,54810,시흥시학교밖청소년지원센터,교육,0,0,0,1,0,0,0,0,0,0,0,0,0,0,0,0,0,모두 지원 가능,0,0,1,0,0,0,0,0,0,0,0,0,0,9,소
266,54811,트롤브루,경영컨설팅마케팅,1,0,0,0,0,0,0,0,0,0,0,0,0,0,0,0,0,모두 지원 가능,0,0,1,0,0,0,0,0,0,0,0,0,0,30,중
267,54812,용인시,경영컨설팅마케팅,1,0,0,0,0,0,0,0,0,0,0,0,0,0,0,0,0,모두 지원 가능,0,0,1,0,0,0,0,0,0,0,0,0,0,30,중
268,54813,스페이스마일,경영컨설팅마케팅,1,0,0,0,0,0,0,0,0,0,0,0,0,0,0,0,0,사진/영상/디자인 툴,0,0,0,1,0,0,0,0,0,0,0,0,0,10,소
269,54814,테이스트북스,경영컨설팅마케팅,1,0,0,0,0,0,0,0,0,0,0,0,0,0,0,0,0,모두 지원 가능,0,0,1,0,0,0,0,0,0,0,0,0,0,50,중
270,54815,lab,경영컨설팅마케팅,1,0,0,0,0,0,0,0,0,0,0,0,0,0,0,0,0,파워블로거/SNS,0,0,0,0,0,0,0,0,0,0,1,0,0,10,소
271,54817,독취사,경영컨설팅마케팅,1,0,0,0,0,0,0,0,0,0,0,0,0,0,0,0,0,파워블로거/SNS,0,0,0,0,0,0,0,0,0,0,1,0,0,99,중
272,54818,사보르아미,경영컨설팅마케팅,1,0,0,0,0,0,0,0,0,0,0,0,0,0,0,0,0,모두 지원 가능,0,0,1,0,0,0,0,0,0,0,0,0,0,5,소
273,54819,반려소반,경영컨설팅마케팅,1,0,0,0,0,0,0,0,0,0,0,0,0,0,0,0,0,모두 지원 가능,0,0,1,0,0,0,0,0,0,0,0,0,0,50,중
274,54820,세레스홈,경영컨설팅마케팅,1,0,0,0,0,0,0,0,0,0,0,0,0,0,0,0,0,모두 지원 가능,0,0,1,0,0,0,0,0,0,0,0,0,0,10,소
275,54822,"아름다운가게,GS SHOP",경영컨설팅마케팅,1,0,0,0,0,0,0,0,0,0,0,0,0,0,0,0,0,모두 지원 가능,0,0,1,0,0,0,0,0,0,0,0,0,0,15,소
276,54825,산림청,경영컨설팅마케팅,1,0,0,0,0,0,0,0,0,0,0,0,0,0,0,0,0,파워블로거/SNS,0,0,0,0,0,0,0,0,0,0,1,0,0,9,소
277,54828,금촌청소년문화의집,경영컨설팅마케팅,1,0,0,0,0,0,0,0,0,0,0,0,0,0,0,0,0,모두 지원 가능,0,0,1,0,0,0,0,0,0,0,0,0,0,9,소
278,54834,돈치킨,경영컨설팅마케팅,1,0,0,0,0,0,0,0,0,0,0,0,0,0,0,0,0,모두 지원 가능,0,0,1,0,0,0,0,0,0,0,0,0,0,9,소
279,54843,USUA,디자인사진예술영상,0,0,0,0,0,0,0,0,0,0,0,0,0,0,0,0,1,모두 지원 가능,0,0,1,0,0,0,0,0,0,0,0,0,0,9,소
280,54847,시립문래청소년센터   ,언론미디어,0,0,0,0,0,0,0,1,0,0,0,0,0,0,0,0,0,"파워블로거/SNS, 사진/영상/디자인 툴, 취재/인터뷰/기사 경험, 타 대외활동 경험",0,0,0,1,0,0,1,0,0,1,1,0,0,4,소
281,54850,LG CNS   ,사회공헌교류,0,0,0,0,0,0,1,0,0,0,0,0,0,0,0,0,0,"파워블로거/SNS, 콘텐츠 기획/제작 경험",0,0,0,0,0,0,0,0,1,0,1,0,0,99,중
282,54851,인천테크노파크   ,언론미디어,0,0,0,0,0,0,0,1,0,0,0,0,0,0,0,0,0,"파워블로거/SNS, 사진/영상/디자인 툴, 콘텐츠 기획/제작 경험, 휴학 중/시간 투자 가능, 타 대외활동 경험",0,0,0,1,0,0,0,0,1,1,1,0,1,6,소
283,54852,아하 더코퍼레이션   ,경영컨설팅마케팅,1,0,0,0,0,0,0,0,0,0,0,0,0,0,0,0,0,"파워블로거/SNS, 콘텐츠 기획/제작 경험",0,0,0,0,0,0,0,0,1,0,1,0,0,15,소
284,54865,대한민국대학생교육부단부산권역본부   ,교육,0,0,0,1,0,0,0,0,0,0,0,0,0,0,0,0,0,모두 지원 가능,0,0,1,0,0,0,0,0,0,0,0,0,0,99,중
285,54867,바른소리 청년국회   ,정치사회법률,0,0,0,0,0,0,0,0,0,0,0,1,0,0,0,0,0,우대역량_기타,0,0,0,0,0,1,0,0,0,0,0,0,0,99,중
286,54868,한국영상자료원,경영컨설팅마케팅,1,0,0,0,0,0,0,0,0,0,0,0,0,0,0,0,0,모두 지원 가능,0,0,1,0,0,0,0,0,0,0,0,0,0,9,소
287,54869,삼성생명,경제금융,0,1,0,0,0,0,0,0,0,0,0,0,0,0,0,0,0,"멘토링/수업 진행 경험, 리더십",1,1,0,0,0,0,0,0,0,0,0,0,0,20,소
288,54875,SPOTV,체육헬스,0,0,0,0,0,0,0,0,0,0,0,0,0,0,0,1,0,사진/영상/디자인 툴,0,0,0,1,0,0,0,0,0,0,0,0,0,9,소
289,54877,EIC   ,경제금융,0,1,0,0,0,0,0,0,0,0,0,0,0,0,0,0,0,"리더십, 타 대외활동 경험",1,0,0,0,0,0,0,0,0,1,0,0,0,100,중
290,54881,부르조아,경영컨설팅마케팅,1,0,0,0,0,0,0,0,0,0,0,0,0,0,0,0,0,모두 지원 가능,0,0,1,0,0,0,0,0,0,0,0,0,0,20,소
291,54883,BC카드,경제금융,0,1,0,0,0,0,0,0,0,0,0,0,0,0,0,0,0,모두 지원 가능,0,0,1,0,0,0,0,0,0,0,0,0,0,99,중
292,54886,속뜻사전교육출판사,경영컨설팅마케팅,1,0,0,0,0,0,0,0,0,0,0,0,0,0,0,0,0,파워블로거/SNS,0,0,0,0,0,0,0,0,0,0,1,0,0,20,소
293,54887,한국연구재단   ,과학공학기술IT,0,0,1,0,0,0,0,0,0,0,0,0,0,0,0,0,0,"취재/인터뷰/기사 경험, 타 대외활동 경험",0,0,0,0,0,0,1,0,0,1,0,0,0,5,소
294,54890,쟈뎅,경영컨설팅마케팅,1,0,0,0,0,0,0,0,0,0,0,0,0,0,0,0,0,모두 지원 가능,0,0,1,0,0,0,0,0,0,0,0,0,0,10,소
295,54891,백범김구념관,문화역사,0,0,0,0,1,0,0,0,0,0,0,0,0,0,0,0,0,모두 지원 가능,0,0,1,0,0,0,0,0,0,0,0,0,0,40,중
296,54893,시그니처매거진,경영컨설팅마케팅,1,0,0,0,0,0,0,0,0,0,0,0,0,0,0,0,0,파워블로거/SNS,0,0,0,0,0,0,0,0,0,0,1,0,0,9,소
297,54900,오픈놀   ,콘텐츠,0,0,0,0,0,0,0,0,0,0,0,0,0,0,0,0,1,모두 지원 가능,0,0,1,0,0,0,0,0,0,0,0,0,0,30,중
298,54906,공영쇼핑,언론미디어,0,0,0,0,0,0,0,1,0,0,0,0,0,0,0,0,0,타 대외활동 경험,0,0,0,0,0,0,0,0,0,1,0,0,0,9,소
299,54910,LA Times Asia Journal,언론미디어,0,0,0,0,0,0,0,1,0,0,0,0,0,0,0,0,0,"파워블로거/SNS, 사진/영상/디자인 툴",0,0,0,1,0,0,0,0,0,0,1,0,0,9,소
300,54911,이상투자그룹,경제금융,0,1,0,0,0,0,0,0,0,0,0,0,0,0,0,0,0,모두 지원 가능,0,0,1,0,0,0,0,0,0,0,0,0,0,9,소
301,54912,대한민국역사박물관,문화역사,0,0,0,0,1,0,0,0,0,0,0,0,0,0,0,0,0,사진/영상/디자인 툴,0,0,0,1,0,0,0,0,0,0,0,0,0,13,소
302,54913,서울시립청소년활동진흥센터   ,기타,0,0,0,0,0,0,0,0,0,0,0,0,0,0,0,1,0,"사진/영상/디자인 툴, 리더십, 휴학 중/시간 투자 가능",1,0,0,1,0,0,0,0,0,0,0,0,1,99,중
303,54916,포천시청,디자인사진예술영상,0,0,0,0,0,0,0,0,0,0,0,0,0,0,0,0,1,모두 지원 가능,0,0,1,0,0,0,0,0,0,0,0,0,0,99,중
304,54919,SBSF!L & 홈플러스,언론미디어,0,0,0,0,0,0,0,1,0,0,0,0,0,0,0,0,0,모두 지원 가능,0,0,1,0,0,0,0,0,0,0,0,0,0,9,소
305,54921,통계청,콘텐츠,0,0,0,0,0,0,0,0,0,0,0,0,0,0,0,0,1,모두 지원 가능,0,0,1,0,0,0,0,0,0,0,0,0,0,9,소
306,54937,시립마포청소년센터   ,교육,0,0,0,1,0,0,0,0,0,0,0,0,0,0,0,0,0,"파워블로거/SNS, 멘토링/수업 진행 경험, 콘텐츠 기획/제작 경험, 휴학 중/시간 투자 가능",0,1,0,0,0,0,0,0,1,0,1,0,1,99,중
307,54946,한국상하수도협회   ,환경에너지,0,0,0,0,0,0,0,0,0,0,0,0,0,0,1,0,0,우대역량_기타,0,0,0,0,0,1,0,0,0,0,0,0,0,30,중
308,54951,사단법인독도바르게알운동본   ,언론미디어,0,0,0,0,0,0,0,1,0,0,0,0,0,0,0,0,0,"사진/영상/디자인 툴, 취재/인터뷰/기사 경험, 콘텐츠 기획/제작 경험, 컴퓨터 활용능력, 행사 기획 경험",0,0,0,1,0,0,1,1,1,0,0,1,0,99,중
309,54952,보더리스하우스   ,여행호텔항공,0,0,0,0,0,0,0,0,1,0,0,0,0,0,0,0,0,우대역량_기타,0,0,0,0,0,1,0,0,0,0,0,0,0,9,소
310,54954,복합금융컨설   ,교육,0,0,0,1,0,0,0,0,0,0,0,0,0,0,0,0,0,"멘토링/수업 진행 경험, 리더십",1,1,0,0,0,0,0,0,0,0,0,0,0,80,중
311,54955,간호학과 언니   ,의료보건,0,0,0,0,0,0,0,0,0,0,1,0,0,0,0,0,0,"파워블로거/SNS, 사진/영상/디자인 툴, 콘텐츠 기획/제작 경험",0,0,0,1,0,0,0,0,1,0,1,0,0,9,소
312,54956,장군청소년봉사단   ,행사페스티벌,0,0,0,0,0,0,0,0,0,0,0,0,0,1,0,0,0,모두 지원 가능,0,0,1,0,0,0,0,0,0,0,0,0,0,9,소
313,54959,조승래의원실   ,정치사회법률,0,0,0,0,0,0,0,0,0,0,0,1,0,0,0,0,0,모두 지원 가능,0,0,1,0,0,0,0,0,0,0,0,0,0,99,중
314,54960,하남시청소년수련관   ,교육,0,0,0,1,0,0,0,0,0,0,0,0,0,0,0,0,0,모두 지원 가능,0,0,1,0,0,0,0,0,0,0,0,0,0,20,소
315,54962,시립문래청소년센   ,언론미디어,0,0,0,0,0,0,0,1,0,0,0,0,0,0,0,0,0,"파워블로거/SNS, 사진/영상/디자인 툴, 취재/인터뷰/기사 경험, 멘토링/수업 진행 경험, 타 대외활동 경험",0,1,0,1,0,0,1,0,0,1,1,0,0,4,소
316,54963,시립문래청소년센   ,언론미디어,0,0,0,0,0,0,0,1,0,0,0,0,0,0,0,0,0,"파워블로거/SNS, 사진/영상/디자인 툴, 콘텐츠 기획/제작 경험, 컴퓨터 활용능력, 타 대외활동 경험",0,0,0,1,0,0,0,1,1,1,1,0,0,15,소
317,54965,하남시청소년수련관   ,교육,0,0,0,1,0,0,0,0,0,0,0,0,0,0,0,0,0,모두 지원 가능,0,0,1,0,0,0,0,0,0,0,0,0,0,2,소
318,54968,소다란   ,교육,0,0,0,1,0,0,0,0,0,0,0,0,0,0,0,0,0,멘토링/수업 진행 경험,0,1,0,0,0,0,0,0,0,0,0,0,0,99,중
319,54970,(주)아트리즈   ,언론미디어,0,0,0,0,0,0,0,1,0,0,0,0,0,0,0,0,0,"파워블로거/SNS, 콘텐츠 기획/제작 경험",0,0,0,0,0,0,0,0,1,0,1,0,0,50,중
320,54972,대한민국 대학생 교육부단   ,교육,0,0,0,1,0,0,0,0,0,0,0,0,0,0,0,0,0,모두 지원 가능,0,0,1,0,0,0,0,0,0,0,0,0,0,99,중
321,54973,구로 청년 채움,언론미디어,0,0,0,0,0,0,0,1,0,0,0,0,0,0,0,0,0,"파워블로거/SNS, 사진/영상/디자인 툴, 취재/인터뷰/기사 경험, 멘토링/수업 진행 경험, 콘텐츠 기획/제작 경험, 컴퓨터 활용능력, 외국어, 리더십, 휴학 중/시간 투자 가능, 타 대외활동 경험, 행사 기획 경험",1,1,0,1,1,0,1,1,1,1,1,1,1,9,소
322,54974,CUFA   ,행사페스티벌,0,0,0,0,0,0,0,0,0,0,0,0,0,1,0,0,0,모두 지원 가능,0,0,1,0,0,0,0,0,0,0,0,0,0,9,소
323,54975,YCA(Youth Consulting Association)   ,경영컨설팅마케팅,1,0,0,0,0,0,0,0,0,0,0,0,0,0,0,0,0,우대역량_기타,0,0,0,0,0,1,0,0,0,0,0,0,0,99,중
324,54977,대한민국대학생교육부단부산권역본부,교육,0,0,0,1,0,0,0,0,0,0,0,0,0,0,0,0,0,우대역량_기타,0,0,0,0,0,1,0,0,0,0,0,0,0,99,중
325,54980,LG생활건강   ,경영컨설팅마케팅,1,0,0,0,0,0,0,0,0,0,0,0,0,0,0,0,0,모두 지원 가능,0,0,1,0,0,0,0,0,0,0,0,0,0,9,소
326,54984,(사)더나은세상   ,문화역사,0,0,0,0,1,0,0,0,0,0,0,0,0,0,0,0,0,"멘토링/수업 진행 경험, 리더십",1,1,0,0,0,0,0,0,0,0,0,0,0,5,소
327,54985,조인어스코리아   ,콘텐츠,0,0,0,0,0,0,0,0,0,0,0,0,0,0,0,0,1,"파워블로거/SNS, 사진/영상/디자인 툴, 취재/인터뷰/기사 경험, 콘텐츠 기획/제작 경험, 외국어",0,0,0,1,1,0,1,0,1,0,1,0,0,9,소
328,54989,주식회사 넥스링고,교육,0,0,0,1,0,0,0,0,0,0,0,0,0,0,0,0,0,모두 지원 가능,0,0,1,0,0,0,0,0,0,0,0,0,0,50,중
329,54990,(주)드래곤리퍼블릭,경영컨설팅마케팅,1,0,0,0,0,0,0,0,0,0,0,0,0,0,0,0,0,모두 지원 가능,0,0,1,0,0,0,0,0,0,0,0,0,0,15,소
330,54992,아식스,경영컨설팅마케팅,1,0,0,0,0,0,0,0,0,0,0,0,0,0,0,0,0,모두 지원 가능,0,0,1,0,0,0,0,0,0,0,0,0,0,9,소
331,54993,부산지방보훈청,정치사회법률,0,0,0,0,0,0,0,0,0,0,0,1,0,0,0,0,0,모두 지원 가능,0,0,1,0,0,0,0,0,0,0,0,0,0,99,중
332,54994,림멜 코리아,경영컨설팅마케팅,1,0,0,0,0,0,0,0,0,0,0,0,0,0,0,0,0,모두 지원 가능,0,0,1,0,0,0,0,0,0,0,0,0,0,60,중
333,54995,세종특별자치시,경영컨설팅마케팅,1,0,0,0,0,0,0,0,0,0,0,0,0,0,0,0,0,모두 지원 가능,0,0,1,0,0,0,0,0,0,0,0,0,0,99,중
334,54997,초록우산어린이재단   ,경영컨설팅마케팅,1,0,0,0,0,0,0,0,0,0,0,0,0,0,0,0,0,"파워블로거/SNS, 사진/영상/디자인 툴, 콘텐츠 기획/제작 경험, 휴학 중/시간 투자 가능, 타 대외활동 경험, 행사 기획 경험",0,0,0,1,0,0,0,0,1,1,1,1,1,99,중
335,54998,밀텍하우스,경영컨설팅마케팅,1,0,0,0,0,0,0,0,0,0,0,0,0,0,0,0,0,모두 지원 가능,0,0,1,0,0,0,0,0,0,0,0,0,0,17,소
336,54999,루트리,경영컨설팅마케팅,1,0,0,0,0,0,0,0,0,0,0,0,0,0,0,0,0,모두 지원 가능,0,0,1,0,0,0,0,0,0,0,0,0,0,50,중
337,55002,안단잼,경영컨설팅마케팅,1,0,0,0,0,0,0,0,0,0,0,0,0,0,0,0,0,모두 지원 가능,0,0,1,0,0,0,0,0,0,0,0,0,0,5,소
338,55004,국민체육진흥공단,경영컨설팅마케팅,1,0,0,0,0,0,0,0,0,0,0,0,0,0,0,0,0,모두 지원 가능,0,0,1,0,0,0,0,0,0,0,0,0,0,20,소
339,55006,광주 YWCA,교육,0,0,0,1,0,0,0,0,0,0,0,0,0,0,0,0,0,모두 지원 가능,0,0,1,0,0,0,0,0,0,0,0,0,0,9,소
340,55013,고시넷,경영컨설팅마케팅,1,0,0,0,0,0,0,0,0,0,0,0,0,0,0,0,0,모두 지원 가능,0,0,1,0,0,0,0,0,0,0,0,0,0,9,소
341,55030,KOREN   ,언론미디어,0,0,0,0,0,0,0,1,0,0,0,0,0,0,0,0,0,"사진/영상/디자인 툴, 취재/인터뷰/기사 경험, 콘텐츠 기획/제작 경험, 타 대외활동 경험",0,0,0,1,0,0,1,0,1,1,0,0,0,9,소
342,55037,패스트캠퍼스   ,과학공학기술IT,0,0,1,0,0,0,0,0,0,0,0,0,0,0,0,0,0,컴퓨터 활용능력,0,0,0,0,0,0,0,1,0,0,0,0,0,15,소
343,55040,(주)스마트크리에이터   ,경영컨설팅마케팅,1,0,0,0,0,0,0,0,0,0,0,0,0,0,0,0,0,"파워블로거/SNS, 사진/영상/디자인 툴, 취재/인터뷰/기사 경험, 멘토링/수업 진행 경험, 콘텐츠 기획/제작 경험, 타 대외활동 경험",0,1,0,1,0,0,1,0,1,1,1,0,0,99,중
344,55049,대한민국청소년자단,언론미디어,0,0,0,0,0,0,0,1,0,0,0,0,0,0,0,0,0,모두 지원 가능,0,0,1,0,0,0,0,0,0,0,0,0,0,99,중
345,55051,(주)인터내셔널스포츠그룹,경영컨설팅마케팅,1,0,0,0,0,0,0,0,0,0,0,0,0,0,0,0,0,"컴퓨터 활용능력, 타 대외활동 경험",0,0,0,0,0,0,0,1,0,1,0,0,0,9,소
346,55053,아트인사이트   ,언론미디어,0,0,0,0,0,0,0,1,0,0,0,0,0,0,0,0,0,모두 지원 가능,0,0,1,0,0,0,0,0,0,0,0,0,0,35,중
347,55054,배러미 코리아,교육,0,0,0,1,0,0,0,0,0,0,0,0,0,0,0,0,0,모두 지원 가능,0,0,1,0,0,0,0,0,0,0,0,0,0,99,중
348,55056,대한민국인재연합회   ,행사페스티벌,0,0,0,0,0,0,0,0,0,0,0,0,0,1,0,0,0,"사진/영상/디자인 툴, 타 대외활동 경험",0,0,0,1,0,0,0,0,0,1,0,0,0,99,중
349,55057,지파운데이션   ,디자인사진예술영상,0,0,0,0,0,0,0,0,0,0,0,0,0,0,0,0,1,"파워블로거/SNS, 사진/영상/디자인 툴, 취재/인터뷰/기사 경험, 콘텐츠 기획/제작 경험, 행사 기획 경험",0,0,0,1,0,0,1,0,1,0,1,1,0,10,소
350,55058,서울특별시 식생활종합지원센터   ,교육,0,0,0,1,0,0,0,0,0,0,0,0,0,0,0,0,0,"파워블로거/SNS, 사진/영상/디자인 툴, 취재/인터뷰/기사 경험, 콘텐츠 기획/제작 경험, 타 대외활동 경험",0,0,0,1,0,0,1,0,1,1,1,0,0,100,중
351,55059,유니세프한국위원회 부산사무   ,행사페스티벌,0,0,0,0,0,0,0,0,0,0,0,0,0,1,0,0,0,"멘토링/수업 진행 경험, 휴학 중/시간 투자 가능, 타 대외활동 경험, 행사 기획 경험",0,1,0,0,0,0,0,0,0,1,0,1,1,60,중
352,55060,웹브라이트   ,콘텐츠,0,0,0,0,0,0,0,0,0,0,0,0,0,0,0,0,1,"파워블로거/SNS, 사진/영상/디자인 툴, 취재/인터뷰/기사 경험, 콘텐츠 기획/제작 경험, 컴퓨터 활용능력, 타 대외활동 경험",0,0,0,1,0,0,1,1,1,1,1,0,0,35,중
353,55064,공모전사무국   ,기타,0,0,0,0,0,0,0,0,0,0,0,0,0,0,0,1,0,모두 지원 가능,0,0,1,0,0,0,0,0,0,0,0,0,0,9,소
354,55068,(주)인트윈,창업자기계발,0,0,0,0,0,0,0,0,0,0,0,0,1,0,0,0,0,모두 지원 가능,0,0,1,0,0,0,0,0,0,0,0,0,0,9,소
355,55072,인천청소년문화센터   ,교육,0,0,0,1,0,0,0,0,0,0,0,0,0,0,0,0,0,"사진/영상/디자인 툴, 멘토링/수업 진행 경험, 콘텐츠 기획/제작 경험, 컴퓨터 활용능력",0,1,0,1,0,0,0,1,1,0,0,0,0,15,소
356,55077,믹스디,경영컨설팅마케팅,1,0,0,0,0,0,0,0,0,0,0,0,0,0,0,0,0,파워블로거/SNS,0,0,0,0,0,0,0,0,0,0,1,0,0,20,소
357,55079,ESSA SOFA,경영컨설팅마케팅,1,0,0,0,0,0,0,0,0,0,0,0,0,0,0,0,0,파워블로거/SNS,0,0,0,0,0,0,0,0,0,0,1,0,0,9,소
358,55081,충청북도,행사페스티벌,0,0,0,0,0,0,0,0,0,0,0,0,0,1,0,0,0,타 대외활동 경험,0,0,0,0,0,0,0,0,0,1,0,0,0,6,소
359,55083,아리얼,경영컨설팅마케팅,1,0,0,0,0,0,0,0,0,0,0,0,0,0,0,0,0,파워블로거/SNS,0,0,0,0,0,0,0,0,0,0,1,0,0,9,소
360,55084,듀이듀이,경영컨설팅마케팅,1,0,0,0,0,0,0,0,0,0,0,0,0,0,0,0,0,모두 지원 가능,0,0,1,0,0,0,0,0,0,0,0,0,0,20,소
361,55085,북센스출판사,경영컨설팅마케팅,1,0,0,0,0,0,0,0,0,0,0,0,0,0,0,0,0,모두 지원 가능,0,0,1,0,0,0,0,0,0,0,0,0,0,10,소
362,55088,광진문화재단,경영컨설팅마케팅,1,0,0,0,0,0,0,0,0,0,0,0,0,0,0,0,0,"사진/영상/디자인 툴, 콘텐츠 기획/제작 경험",0,0,0,1,0,0,0,0,1,0,0,0,0,6,소
